customer_id,ride_frequency,last_ride_date,payment_method,ride_type,customer_rating,churned
7ef93d7b-aaa5-4d37-a58d-94e26e08903a,25,2025-01-02,Cash,Scooter,3.75,False
90909c84-eb3d-49ad-b262-150f2654f5b7,35,2025-01-02,PayPal,Food Delivery,2.25,True
0d66fe1e-8d27-4dec-b79e-564f59d25131,5,2025-01-01,Mobile Wallet,Scooter,1.24,False
7aafd545-1992-4cb3-9cff-77daa5a0846e,7,2025-01-01,PayPal,Scooter,3.81,False
075776a7-a87f-435c-9040-8a31c9696439,23,2025-01-01,Debit Card,Package Delivery,1.04,False
f05f8e35-2d00-496f-8cca-79b25c659c07,25,2025-01-01,Credit Card,Taxi,2.64,True
0a7e222a-3bb3-4a40-aa99-5e946f540ff8,1,2025-01-01,PayPal,Food Delivery,2.32,False
5bb5f964-273f-4f02-b39a-3e5c0c7cb984,22,2025-01-02,PayPal,Food Delivery,3.77,True
9949b947-ee2e-4cad-9970-19b745715dde,4,2025-01-01,Debit Card,Food Delivery,4.06,False
7126fe38-4fe6-4034-8d7b-afe80fceca32,28,2025-01-02,Credit Card,Scooter,2.22,False
62a21df6-1c7b-4417-9dcb-4681623abbed,48,2025-01-02,Credit Card,Scooter,4.25,True
bba1ffac-7ba6-428c-9ff2-1e1e5f93ab03,14,2025-01-02,Mobile Wallet,Scooter,2.18,True
f74b8e2d-29ea-4acf-afd2-303919ddb3fc,33,2025-01-02,PayPal,Package Delivery,2.79,False
193b4402-81c5-47da-a7bc-557726b26cf6,4,2025-01-02,Credit Card,Taxi,3.91,False
d9d3f582-043d-4428-95f8-fee6180252ea,42,2025-01-01,Credit Card,Scooter,3.77,False
1860333a-2eab-4aa4-af63-37d6512bd942,11,2025-01-02,Cash,Taxi,4.95,False
e5d9d613-235e-489c-948a-a6695d033545,39,2025-01-02,Cash,Package Delivery,1.9,False
62458304-5486-42ea-b131-69f7a6d7e7b5,32,2025-01-01,Credit Card,Food Delivery,3.65,False
f2a52c56-e339-4a3d-93c0-2a98240690c8,4,2025-01-02,Mobile Wallet,Scooter,3.44,True
bc88c90e-25b1-4e36-a544-a31b42ac5048,1,2025-01-01,Credit Card,Taxi,4.66,False
d36d2ef8-b8ef-42f9-9b33-c99196aa34c8,26,2025-01-02,Debit Card,Taxi,1.63,True
92366ad1-e9bb-4b92-a86e-9be1451f5dbd,33,2025-01-02,PayPal,Scooter,4.01,False
cc5e32b1-1baf-4c2a-8ead-f48a957c2fd6,17,2025-01-02,Mobile Wallet,Food Delivery,3.27,False
88289c81-2ba5-49c4-a06d-44e5a8cc9eb7,27,2025-01-01,Debit Card,Food Delivery,2.1,True
35221f4c-8589-4ecd-aebe-774368d5eb90,42,2025-01-02,Mobile Wallet,Food Delivery,2.9,False
94ab41f8-4108-4d03-919f-c59f76642d24,5,2025-01-02,Debit Card,Package Delivery,2.34,False
35cebec7-6690-4188-a533-fe140666788a,7,2025-01-02,PayPal,Taxi,3.32,True
cca7c7d2-4a90-4979-beda-4cba0ba8c01f,25,2025-01-02,PayPal,Taxi,4.56,False
dcf286dc-d795-4606-8e9f-5a2bc029f171,8,2025-01-02,Cash,Taxi,3.28,True
cf898916-7ed3-4038-9b15-c8c5df65ad36,34,2025-01-01,Debit Card,Package Delivery,3.53,False
596a7e20-b42a-4ef2-a145-e7b3ca48970e,41,2025-01-01,Cash,Taxi,3.07,False
234587b1-b666-4096-82df-0b150194d856,4,2025-01-02,Debit Card,Package Delivery,1.2,True
d0d587d6-36e1-408a-9785-e58a268c80fe,12,2025-01-01,Cash,Food Delivery,1.93,True
f884145a-6a1b-4053-b49b-fd4aa38115a8,31,2025-01-01,PayPal,Scooter,2.97,False
815133cc-d494-4139-9a01-7eec31f8f22d,11,2025-01-01,Mobile Wallet,Taxi,2.24,True
c4344999-f08d-46c0-be5b-6a1893cc303b,37,2025-01-01,Cash,Taxi,1.73,True
2ea3513c-8318-4cf7-9b36-1a6a74fad23f,44,2025-01-02,Debit Card,Food Delivery,3.02,True
5bc7564c-cb2b-4b93-a475-e435dc3ade40,36,2025-01-01,Debit Card,Scooter,2.29,False
382555c3-6d45-43a6-9981-edec942430ed,45,2025-01-02,PayPal,Package Delivery,2.03,True
588d78ce-e5e4-4cff-b2c0-c8fd686add5c,22,2025-01-02,Debit Card,Scooter,2.86,True
7b8dcaf3-db83-43d8-aad9-d7b6d1775955,1,2025-01-02,Credit Card,Food Delivery,1.53,True
c35d0578-0b3a-4998-a21a-b4e2212abac4,4,2025-01-01,Mobile Wallet,Food Delivery,4.71,True
d5006a1d-f18a-4859-8f0a-c086fdecd8b0,36,2025-01-02,Cash,Scooter,4.47,True
9d56dd03-2341-4e94-aa18-07a49f5b0ecc,8,2025-01-01,Mobile Wallet,Package Delivery,3.83,False
c7ddb017-6633-42d3-9ee6-21cd3ae620f3,25,2025-01-01,PayPal,Package Delivery,1.42,False
73bc01f1-8423-4dc6-a21f-46aeeb727e43,28,2025-01-02,Cash,Taxi,4.1,False
131c5ac3-949a-464e-b7c6-3ade87053ec4,38,2025-01-01,Cash,Package Delivery,4.23,False
26cfad1d-068e-4c74-92cc-6f97aa00f6e6,36,2025-01-02,Credit Card,Scooter,4.07,False
811f0b5b-b6d7-48a2-bb8c-d0b24e85eccb,36,2025-01-02,PayPal,Food Delivery,1.46,True
78198d76-9f7b-4a98-bf6e-a504eeab58fa,43,2025-01-02,Debit Card,Taxi,3.58,True
3ceac50e-9772-455c-a660-8b20e55b93ff,41,2025-01-02,Credit Card,Taxi,4.34,False
bdb1744a-57aa-4441-8a82-71a2a89b1182,46,2025-01-02,Credit Card,Food Delivery,3.31,True
d24f0044-7f0f-41c3-91f2-60e31dac4040,4,2025-01-01,Mobile Wallet,Package Delivery,3.59,True
7db9b93f-c74d-4f3e-ba9f-0f81a6562a0d,13,2025-01-01,Mobile Wallet,Food Delivery,2.83,True
02b7454c-b41f-4dcc-a4a3-e3e7b1cd4477,38,2025-01-02,Mobile Wallet,Package Delivery,3.11,False
29ef71dc-448b-46dc-a8e7-b5f2c463b42f,45,2025-01-01,Credit Card,Food Delivery,1.14,True
d00f2600-8167-47bb-a0f9-bcc16ea9b9f4,25,2025-01-02,Debit Card,Scooter,3.56,True
8efec2de-7ae4-4a43-b677-c881482136dd,3,2025-01-01,Cash,Package Delivery,1.33,False
7775db36-bf3a-438b-a4d4-4f83e4121409,32,2025-01-02,Mobile Wallet,Scooter,2.74,False
50c89e23-cd57-43af-8f12-be04d6187d04,39,2025-01-02,Debit Card,Taxi,2.17,True
9ada0896-5970-4f43-b478-2d81ff6c357f,1,2025-01-01,PayPal,Food Delivery,3.18,True
ca458399-ebd8-4c6e-8ec3-d15a8067af9a,11,2025-01-02,Mobile Wallet,Taxi,1.53,False
901b95bf-1410-4abb-af1a-483e9f95f41b,2,2025-01-02,Cash,Taxi,3.77,False
ea20a160-de09-4460-adf3-dad7c59eea41,5,2025-01-02,PayPal,Taxi,4.18,True
8d68d266-153a-4398-9196-972b283cf244,22,2025-01-02,PayPal,Taxi,1.65,True
2b7b539d-0f3f-477d-8358-e1f101701cbd,46,2025-01-01,Cash,Food Delivery,1.42,False
ba20630b-460b-4cc9-a252-719731e32a6e,13,2025-01-02,Mobile Wallet,Taxi,1.58,True
4cd61c6c-3af2-4fe4-928b-f872ffb64c83,48,2025-01-02,Credit Card,Food Delivery,4.51,False
449c347d-519a-4601-83f4-3f86cff4054e,23,2025-01-02,Cash,Food Delivery,3.11,False
34d00ce4-5a9b-4b07-85a0-4296382a1283,47,2025-01-02,Cash,Scooter,2.87,False
59c14e9b-bf1a-4d1a-9435-90e3f5b513e8,31,2025-01-02,Cash,Package Delivery,1.43,True
fc7a94fe-e2e2-4757-8fc5-d9b0b1f7c070,35,2025-01-02,PayPal,Package Delivery,3.6,True
436dfcdb-bc1a-4468-b987-050343f36308,38,2025-01-01,Debit Card,Food Delivery,4.47,False
320838cb-283e-49f2-91a9-df66be495a52,41,2025-01-02,Credit Card,Scooter,4.31,False
def85ab0-6186-40dc-9225-2d301a25b7ec,35,2025-01-02,Mobile Wallet,Food Delivery,3.5,False
8af25fce-c646-45ac-83a0-e1aabb3b7bf2,45,2025-01-01,Mobile Wallet,Food Delivery,1.3,False
997c8b22-7b7a-4d47-a999-54c625ba8223,13,2025-01-01,Debit Card,Food Delivery,1.45,True
6fa90126-7728-4c13-ad65-5bf699db39b2,7,2025-01-02,Cash,Scooter,1.2,False
426aaec2-996c-46c1-96a8-c74b56543733,5,2025-01-01,Credit Card,Package Delivery,2.03,False
f2d043a0-4232-4c53-8243-58791d731270,29,2025-01-01,Mobile Wallet,Scooter,1.54,False
93b64707-d048-402f-a6ca-c6f00b6e1f31,8,2025-01-02,Mobile Wallet,Taxi,2.04,True
2edb212a-5dfb-4ef9-b3f8-f52b5d9551aa,8,2025-01-02,Cash,Scooter,2.54,False
62691e7d-4df2-4b35-8404-2b92e0584bc8,7,2025-01-02,Debit Card,Scooter,4.77,False
dd2ee909-3ad4-4010-b046-70b2e8e3f58b,19,2025-01-01,Credit Card,Scooter,3.44,False
39947d8f-77de-43c7-bad9-44f9d77f1ae2,39,2025-01-01,Debit Card,Scooter,4.34,False
b13c7d3b-035f-4833-af97-fd8d69344693,23,2025-01-01,Debit Card,Package Delivery,3.84,False
3aea4451-bb17-4004-bae9-ab9bdb5b420b,36,2025-01-02,Credit Card,Taxi,1.45,True
9c6c03c1-7bcf-4a6b-8ff1-bee7fb60d183,42,2025-01-02,Credit Card,Package Delivery,3.94,True
f107afc5-f5c8-4363-89ad-86ae75093b8a,32,2025-01-01,Mobile Wallet,Package Delivery,2.1,True
d5a6407b-71e4-4fff-bf02-7c2902788b2f,45,2025-01-02,Mobile Wallet,Scooter,3.56,False
d94616a0-e006-45a9-8501-04bf5bbfa7b1,4,2025-01-01,Credit Card,Food Delivery,2.36,False
ef780168-d2c6-430f-866d-4a8d043f58f2,30,2025-01-01,PayPal,Food Delivery,4.99,True
fbd4ae3f-658f-403f-b5cf-7a58711b9081,42,2025-01-01,Mobile Wallet,Package Delivery,2.05,False
8c1dfa5e-dbd8-4b80-85d6-0e30d964a535,39,2025-01-01,PayPal,Package Delivery,2.12,True
a5d94a07-978a-4dfb-9543-730d0cff9606,5,2025-01-01,Credit Card,Scooter,4.72,False
b961caf3-63ab-4666-8c4f-3d699645d218,3,2025-01-02,Mobile Wallet,Package Delivery,1.1,True
77a32c88-1681-48fc-b2c1-4616738822fc,22,2025-01-01,Debit Card,Scooter,3.79,True
cb8d464e-f216-490d-9a44-6dbbc9e2dda3,28,2025-01-01,Credit Card,Food Delivery,3.9,False
f141e43d-e476-43d2-8405-5e1c6cabbdc7,22,2025-01-02,Cash,Food Delivery,4.35,False
4e73df44-1942-4d21-8895-cb1ee0e93f04,22,2025-01-01,PayPal,Taxi,4.9,True
0c231c87-dd04-48f7-999d-1a3d40af260f,34,2025-01-02,Credit Card,Food Delivery,4.9,True
75018e16-ac71-4d7c-8bec-4e3475ffb23c,29,2025-01-02,Credit Card,Package Delivery,1.26,False
1b1ad3d8-3eeb-40b6-aab6-ef71134dcf1a,43,2025-01-01,Mobile Wallet,Food Delivery,4.29,True
a0cb902e-9d90-4c1f-8778-42d4b585bc75,42,2025-01-02,Mobile Wallet,Scooter,3.59,False
087c36c0-c997-4997-99b7-711036587043,13,2025-01-02,Mobile Wallet,Food Delivery,3.59,True
225cee5f-cad0-4df9-a552-289689274a6e,7,2025-01-02,Cash,Taxi,1.51,False
b0ce45ec-9825-4878-be8b-f30159513b2d,10,2025-01-01,Mobile Wallet,Food Delivery,3.6,False
9319fd90-36b8-4e55-a782-c863df16c973,28,2025-01-02,Credit Card,Scooter,4.93,False
4dc71fdc-a172-4c07-8aa5-a57621ae006f,4,2025-01-02,Mobile Wallet,Scooter,4.65,True
06df48b0-9ff2-4f74-a257-4f9226e0a157,32,2025-01-02,Debit Card,Package Delivery,2.76,False
cfe01101-7b5b-48a4-af45-0023d26714f5,22,2025-01-02,Mobile Wallet,Food Delivery,1.16,False
0d5e2f5e-9174-44ba-9825-ab9b8e95f29a,20,2025-01-01,Cash,Scooter,2.45,False
640bd485-6ff5-4b5a-99d4-679a991e6755,48,2025-01-01,Debit Card,Taxi,4.31,True
2cba31d8-422e-453b-a149-0275d8999ee3,20,2025-01-02,Credit Card,Package Delivery,3.81,False
674db716-1d8d-4bdb-91e7-9b0dc3a8fcf6,6,2025-01-02,Credit Card,Taxi,2.84,False
113e9e57-aff2-4840-936c-c265993fbd20,9,2025-01-02,PayPal,Food Delivery,1.22,False
d4f2324d-ddce-4ba7-b3e5-01c16ca53242,28,2025-01-01,Debit Card,Food Delivery,2.71,False
754278c7-28b2-4207-af64-07c3651be78f,13,2025-01-01,PayPal,Food Delivery,2.88,False
7aeb38d7-e851-4d7f-bc4f-478b336faf47,31,2025-01-02,Debit Card,Package Delivery,4.71,True
c59405a0-6e52-45a7-a188-612905bf0c50,39,2025-01-01,Debit Card,Scooter,3.56,False
07c7fed8-5a92-48ed-a138-0e47c6114c72,14,2025-01-02,Cash,Package Delivery,2.25,False
c3052d2a-4b06-43c8-85ad-83821f38dbdd,22,2025-01-02,PayPal,Taxi,3.1,True
0427623b-d36f-4356-9bc7-65f6a3f07c40,37,2025-01-02,Cash,Package Delivery,1.26,True
cff58ae8-7a05-40e7-aad3-0735c51cede2,45,2025-01-02,Debit Card,Taxi,4.89,True
f99b6220-8dc9-4823-bbbb-e003be9efde3,24,2025-01-02,Credit Card,Package Delivery,2.44,True
3f168194-eb31-4c64-8410-e917542162a8,8,2025-01-02,Debit Card,Scooter,2.91,False
5b2cfad2-5db6-414a-99c0-6d9a7be98aa8,15,2025-01-01,Cash,Taxi,2.42,True
c22603d2-e753-40d9-9449-17b0b2c401b1,41,2025-01-02,PayPal,Food Delivery,3.73,False
b8254cd0-1eda-4f0d-857f-f006b53cf8dc,6,2025-01-01,PayPal,Food Delivery,3.65,True
9ab57185-a4ed-483d-8b51-6ff93f8147eb,23,2025-01-02,Cash,Package Delivery,3.86,True
3ac59887-e2c5-4fd8-93f3-1f4356647473,25,2025-01-01,PayPal,Food Delivery,2.07,False
dfe62a4f-b9ae-4bb3-9611-130f3a417c0b,31,2025-01-02,Mobile Wallet,Taxi,2.26,True
32a246da-a93f-48bc-a5bf-32aa4e385ea2,46,2025-01-02,Credit Card,Food Delivery,1.5,True
4e3a1dc7-3440-41c2-86bd-e47cf4ea3f25,29,2025-01-02,Credit Card,Scooter,3.62,False
939c9f33-1748-487b-ac39-89ac161819fe,23,2025-01-02,Credit Card,Scooter,1.16,True
4d1bea00-5327-4d8b-b055-596e41ee96e1,10,2025-01-02,PayPal,Package Delivery,3.39,True
6c7c7e07-cb2c-45d0-b2bb-3042630f373f,9,2025-01-01,PayPal,Taxi,4.48,True
7382d196-8af0-4fa2-8123-162df89207a4,49,2025-01-01,Debit Card,Scooter,4.56,False
e01c8c34-b04a-4ac8-b6fb-e86288a02b90,13,2025-01-01,Debit Card,Scooter,2.8,False
611f73e2-09ad-4744-a47a-548f3f8ec7b9,32,2025-01-02,Credit Card,Taxi,2.84,False
2058033c-c373-469a-9919-2b3e4a269a39,49,2025-01-01,Mobile Wallet,Food Delivery,1.31,False
e8d4ca4a-2f02-4f77-9205-b4f1d241a097,45,2025-01-01,Debit Card,Food Delivery,3.68,False
c779a1b4-8bed-45ac-ae4e-cf1224d0515e,41,2025-01-01,Debit Card,Package Delivery,4.29,True
90abc7e4-ffba-407f-a642-c5da2c808299,1,2025-01-01,PayPal,Food Delivery,1.98,False
0016e284-ccc8-4a8e-aeb2-eb30e14b86cd,1,2025-01-01,Mobile Wallet,Taxi,2.69,True
826042b4-3dcc-4ef8-8923-2e0975382204,37,2025-01-02,Credit Card,Scooter,4.36,False
7da6e7c3-81f3-4408-9155-588298744a94,40,2025-01-02,Debit Card,Food Delivery,4.51,True
e9c48176-a393-4d1d-a410-37f26fe9d7b6,18,2025-01-01,Mobile Wallet,Package Delivery,1.97,False
cb47f34d-554c-488b-8fd3-3b32301fa059,36,2025-01-01,Mobile Wallet,Food Delivery,3.2,False
f6b50fdc-42aa-4b53-8b3d-2e2f3242477b,31,2025-01-02,Credit Card,Taxi,1.77,True
24f2ac77-b6e8-4509-8d4b-b0b3d2af663b,1,2025-01-01,Mobile Wallet,Package Delivery,1.41,True
0e9ef8e8-ea22-4a63-9b47-e352407c2403,47,2025-01-01,Mobile Wallet,Food Delivery,4.64,True
1b9325dd-2e7b-4995-9e1a-8bfa0f45b88f,36,2025-01-01,Mobile Wallet,Package Delivery,4.28,True
5699da38-8e74-40d9-ad6e-f5bddb824640,9,2025-01-01,Debit Card,Taxi,4.04,False
09b2f9a2-f80a-4144-a21a-8e9e309677a8,22,2025-01-01,Credit Card,Scooter,1.2,True
21fb269c-826a-4bbc-a0cc-92ff53e5fc52,28,2025-01-02,Mobile Wallet,Taxi,4.37,True
1bf74648-c9b9-4bdd-9ec2-97c79cce95c1,26,2025-01-02,Mobile Wallet,Taxi,2.75,False
b59fd0c6-1d79-4c81-83d2-8e73cf4b6e83,10,2025-01-01,Debit Card,Taxi,2.37,True
96612c1b-2bc6-438d-80d6-d50e9d891679,47,2025-01-02,Credit Card,Taxi,3.19,True
5f711539-cb8e-4b8a-8562-a3b6a3e7b15e,3,2025-01-01,PayPal,Scooter,1.37,True
ef05c61b-fe23-45e4-95d2-ef2762f5e1ae,2,2025-01-02,Debit Card,Scooter,4.03,False
2a9c41d6-5524-454e-a4d1-f75892e7a3cd,37,2025-01-01,Credit Card,Package Delivery,3.33,True
502960fe-5659-4b0d-b807-f75302429fcb,31,2025-01-01,Mobile Wallet,Food Delivery,1.75,False
965388aa-4a99-49b4-810b-ec15c42d3d3c,33,2025-01-01,Credit Card,Scooter,1.75,True
58d32a90-1615-4350-b85e-97ff4b58a460,32,2025-01-01,Credit Card,Scooter,1.74,False
899a76b1-1a67-4205-888f-6397fd508619,43,2025-01-02,Credit Card,Food Delivery,1.23,False
56f2272a-5843-4838-a477-e851a4d97741,12,2025-01-02,PayPal,Scooter,3.35,True
94a4bb5a-ec09-4059-9a2b-f78affd9853c,3,2025-01-02,Credit Card,Taxi,4.36,True
3d93285b-69a9-4715-abab-4a5ead67ca6d,48,2025-01-02,PayPal,Taxi,1.07,True
67ef7682-370f-4062-a3f8-e605c92c79e8,26,2025-01-02,Mobile Wallet,Food Delivery,1.2,True
6310a715-7c96-49a8-9dde-84dde724ff6b,14,2025-01-02,PayPal,Package Delivery,3.29,True
05b8ff0a-6daa-42f7-bb09-8b7db6951556,12,2025-01-01,Mobile Wallet,Package Delivery,4.28,True
fb74f0b6-bc66-4eba-babd-a5f68c4e2181,26,2025-01-02,Mobile Wallet,Food Delivery,2.31,False
720d2ba7-81df-4f8c-915d-d3a6e801d125,16,2025-01-01,PayPal,Food Delivery,2.4,False
db41adfd-167d-45b7-896a-8fc8da860d8f,8,2025-01-01,Debit Card,Taxi,3.39,True
64224406-3996-421e-87f5-89bb9d87025c,49,2025-01-02,Cash,Package Delivery,2.1,False
af70ccd7-80ef-4466-9058-218d7cbefc8a,49,2025-01-02,Credit Card,Scooter,1.11,True
12acddbc-afd4-43bb-bf5d-49293bdb0482,28,2025-01-01,Cash,Taxi,3.94,True
fa87115f-c4d3-458c-b2d4-edd5474cf5a3,7,2025-01-01,Credit Card,Food Delivery,3.5,False
f2f884c0-66ee-4045-8603-0b92c80107b1,15,2025-01-02,Credit Card,Package Delivery,3.32,True
711e0e54-93ed-45ec-a80d-b73bb627177e,41,2025-01-02,Mobile Wallet,Scooter,3.97,False
c14bcaf2-0db5-4c8b-9267-49284d67ac01,36,2025-01-01,Credit Card,Scooter,3.7,True
7420f560-4c64-4992-aced-15cc813d4ff0,8,2025-01-01,Credit Card,Taxi,1.82,False
572b71fe-3fab-454e-b04e-4fd379abd84f,10,2025-01-01,PayPal,Package Delivery,2.41,True
d3c535d5-48c7-419a-abc1-7acc58adf14f,15,2025-01-02,Cash,Package Delivery,1.5,False
f7b04229-cef6-411e-a187-8b556650fa84,18,2025-01-02,PayPal,Food Delivery,1.52,False
44c03003-74d6-42a0-b1db-4dc51b2621dc,46,2025-01-02,Credit Card,Package Delivery,3.7,True
40305379-1545-4cd7-a482-344788f91199,37,2025-01-01,Mobile Wallet,Package Delivery,4.43,True
83657618-2c53-42da-9bb8-192fb124177e,41,2025-01-02,PayPal,Taxi,4.85,False
91efb8c4-0bbe-4160-a33a-bf5ea44bc3e1,45,2025-01-02,PayPal,Package Delivery,3.51,True
17ce23ef-2fa6-486c-9e0f-345fa131bde0,43,2025-01-02,Debit Card,Scooter,1.74,True
a6a67dba-7da1-4df6-85d3-b4258cf542d8,44,2025-01-01,Credit Card,Taxi,1.42,True
8576fecf-9bed-47f7-97bd-1ef51fb2a04d,35,2025-01-01,Mobile Wallet,Taxi,4.25,True
31269372-6bbd-47a0-9017-5bf28fbba196,2,2025-01-02,PayPal,Food Delivery,3.32,True
ecfbd5ec-40fa-402d-be15-d32087e8bb59,22,2025-01-02,PayPal,Package Delivery,3.47,True
3aa73077-37f6-42b1-b9d1-33eda6ba8f14,15,2025-01-02,Mobile Wallet,Food Delivery,4.13,False
bdfd0a41-0fed-4656-93d8-f745ba2cf59a,37,2025-01-02,Credit Card,Scooter,3.81,False
a4704b77-1108-4936-95b6-96491f2890c9,39,2025-01-02,Debit Card,Taxi,4.34,True
53b39c8b-be5b-4507-a284-b7824939ba9c,36,2025-01-01,PayPal,Taxi,1.22,False
e431b710-cd25-4b88-a6e3-7184c297677c,5,2025-01-01,Debit Card,Taxi,3.99,True
7d98533f-5a5d-4da9-ba64-6167462326b1,48,2025-01-01,Cash,Scooter,4.4,False
90a1f5a0-6418-45c1-980a-7059ee375445,15,2025-01-02,Credit Card,Scooter,2.14,True
aa98e4d5-a56a-403d-8239-58b166115792,27,2025-01-01,Cash,Food Delivery,3.56,True
874e9fe3-2610-4af9-84c4-b32796282dcf,16,2025-01-01,Cash,Food Delivery,2.26,True
77d65403-7e53-4154-9135-8effc1f06de2,36,2025-01-02,Cash,Food Delivery,4.83,False
c86da4e4-df67-43fd-a73a-0b35d1ab5c03,38,2025-01-01,Credit Card,Package Delivery,1.13,True
f9599814-af77-41b6-89a3-19d15d1976fa,18,2025-01-02,Credit Card,Taxi,3.32,True
4075ba1d-35e6-4968-a4fd-f999badac456,35,2025-01-02,Mobile Wallet,Taxi,1.67,False
3ad2d026-9ac3-471d-bba0-644a3edc08f2,25,2025-01-02,Debit Card,Food Delivery,3.85,False
4d77d6ff-5be4-47e1-8efe-878248947f4a,22,2025-01-02,Debit Card,Taxi,1.7,True
e652ed42-fc7a-4a30-8893-49c5e373efd4,31,2025-01-01,Mobile Wallet,Food Delivery,1.94,False
65dc3573-67b6-4630-9325-d0b9bfab0ed7,37,2025-01-02,Mobile Wallet,Package Delivery,2.98,False
eaf30f64-72b3-4ec6-b931-de1b4f62bbe2,34,2025-01-02,Cash,Package Delivery,4.66,True
51d13ee3-3920-460d-bcb7-8863ddd3c5c4,23,2025-01-01,Mobile Wallet,Scooter,1.85,True
75e728a3-2aea-49e7-835f-046a00d59069,16,2025-01-01,PayPal,Package Delivery,1.58,True
22fd6803-55ac-48e9-8199-c5e752cdc768,6,2025-01-02,Debit Card,Food Delivery,4.04,True
460c6f91-cb9e-4f12-a9d6-9f1a82ac6a83,15,2025-01-02,Mobile Wallet,Package Delivery,3.0,False
09f7c43f-8a90-42b3-88db-c716a97b29f8,18,2025-01-02,PayPal,Scooter,4.65,True
a8e9443b-db15-4928-89ec-ed2a406f5ec2,38,2025-01-02,PayPal,Taxi,1.59,True
c1597084-9d23-4648-b99a-44c547b995e0,13,2025-01-01,PayPal,Food Delivery,3.58,True
86c28136-c745-4c38-b456-8da58121fc38,24,2025-01-02,PayPal,Taxi,1.93,False
81fbdaf1-9a3b-4302-a8d9-a7733f93875f,13,2025-01-01,Cash,Scooter,1.63,True
6fdb25b6-4f67-4446-9798-071f6efbcb02,1,2025-01-01,PayPal,Scooter,3.73,True
2dd0736e-f190-4857-8421-bec5c8b40109,48,2025-01-02,Cash,Scooter,3.37,True
5b4f2caa-16a6-4df7-bc8a-61c3b4106230,36,2025-01-02,Cash,Taxi,4.02,False
51421cb8-0dcf-40a4-9dc1-59d65489d4a0,49,2025-01-02,PayPal,Taxi,2.24,True
ccebf797-5375-4f11-83a0-9c6ecd2cb38e,18,2025-01-02,Debit Card,Taxi,2.79,True
21c1f479-0228-47e2-a104-e8fbc08983a1,48,2025-01-02,PayPal,Taxi,2.62,True
e342f0a2-6e34-43e9-b9eb-be99d19791a2,33,2025-01-02,PayPal,Scooter,4.94,True
7ebd8031-59f7-473b-9ef4-faa0f0cdcea5,38,2025-01-02,PayPal,Scooter,2.17,False
b686f111-b322-4ceb-8e34-602193fecedb,43,2025-01-01,Debit Card,Food Delivery,2.18,False
a5e938a1-3dee-466f-afeb-8c8c56c28003,6,2025-01-01,Credit Card,Food Delivery,2.42,True
237fc0d1-e134-4bf4-8708-cd7cdc132812,17,2025-01-01,Credit Card,Taxi,3.26,False
1f883545-849f-4a4a-8c5f-0be6c60448c4,4,2025-01-01,Cash,Package Delivery,2.01,False
42e3e217-a137-4a76-a53e-4dcc3c1110ca,14,2025-01-02,Cash,Package Delivery,4.66,True
d8dba0bb-6ef8-4eca-938a-debcaf474e85,30,2025-01-01,Debit Card,Scooter,2.06,True
d09cbc77-235c-4c95-97df-db57d0940116,46,2025-01-01,Mobile Wallet,Scooter,4.58,False
ca2ec1bc-505b-4302-9afb-52aaacee87a9,20,2025-01-02,Credit Card,Scooter,1.41,True
8492e582-c681-44fa-9771-8317b89cb756,8,2025-01-02,Cash,Food Delivery,3.63,True
d31cdd75-bcd2-4db4-8315-f45c0e3c23e9,2,2025-01-02,Credit Card,Food Delivery,4.63,True
6550e5df-d516-454d-82d2-11085dfe2511,37,2025-01-01,Debit Card,Scooter,1.67,True
a6d7b0c2-7246-480f-af54-5045c6b2baa4,4,2025-01-01,Debit Card,Scooter,4.87,False
fe67cea8-b23f-4eff-ab78-8214cccb2ad6,10,2025-01-01,Mobile Wallet,Scooter,2.81,True
dfd2727e-8a8a-457c-85a5-a8b016c21307,20,2025-01-02,Mobile Wallet,Package Delivery,4.78,False
1316366a-b1bd-4291-8e20-f40f5555f310,35,2025-01-02,Debit Card,Food Delivery,3.71,True
2f716c00-d06a-4cd2-a7e0-787583816695,48,2025-01-02,Cash,Package Delivery,2.21,True
700ead58-c27f-4551-8427-5c52f6d76d1a,10,2025-01-01,Credit Card,Package Delivery,1.75,False
912c4744-d39a-4768-ba08-f358316ecf8c,28,2025-01-01,PayPal,Scooter,2.21,False
71b67e33-111c-48b1-8a46-fce893fc7afb,15,2025-01-02,Mobile Wallet,Scooter,1.37,False
fd701bf8-bc56-486b-9556-1f623152ace5,36,2025-01-01,PayPal,Taxi,1.58,False
0c4df77d-01ce-42b0-b8d6-43363d33e6d5,1,2025-01-02,Cash,Taxi,1.42,True
aba64395-9184-456f-b9a4-d03c4ffc54e7,22,2025-01-01,Mobile Wallet,Package Delivery,2.69,True
e80bc23e-61f6-4613-bc1e-b6ac09455652,27,2025-01-02,PayPal,Food Delivery,4.18,False
fcf46208-5602-43a8-b8c1-2c105ba8b04c,29,2025-01-02,Cash,Scooter,1.57,True
f09f8fa3-ae64-49cd-a2f8-416daebb5244,15,2025-01-02,Credit Card,Scooter,1.52,True
2d49ce99-1493-4a66-a5c3-5f50b9a03116,10,2025-01-02,Cash,Package Delivery,3.57,True
f0b1793d-ee54-4ec7-87c0-836abdfc30a7,20,2025-01-02,Mobile Wallet,Taxi,1.79,False
188bdc4e-eb75-4aaf-a4da-4c71e8e16261,22,2025-01-01,Debit Card,Food Delivery,1.39,False
d9fef5e3-aad1-4433-83e6-a2b8f743812c,48,2025-01-01,Credit Card,Taxi,1.67,False
3a336d63-a45a-4e6b-83dc-80ed9c42fb63,9,2025-01-02,PayPal,Taxi,4.69,False
dba8f6a7-3f8a-4b34-b02d-de0f0c05a2a0,32,2025-01-01,Mobile Wallet,Taxi,4.29,False
b3827b3c-34f0-47ae-8987-7f0e056cd388,17,2025-01-01,Debit Card,Taxi,2.42,False
3c5d3c70-a1f5-4fad-8173-d7002b3223ef,42,2025-01-02,Cash,Scooter,3.62,False
52112e2f-313d-466f-8167-4f0f50ba3796,19,2025-01-02,Debit Card,Scooter,3.15,True
2fef4109-e53d-4c59-b2ab-fe567de241f1,40,2025-01-01,Mobile Wallet,Taxi,3.71,True
0db1327c-65e9-47e2-b90f-76e3c342b831,27,2025-01-01,Mobile Wallet,Food Delivery,3.73,False
2ccb8c2c-1534-489a-8a3a-0966cfb5abe0,37,2025-01-02,Debit Card,Package Delivery,3.51,True
06f8448a-41f8-47a5-8d1e-9a93fedfd61f,34,2025-01-02,Cash,Food Delivery,2.06,True
0eb2bbfd-0a9d-4ce9-bb8a-15e5df297fc4,47,2025-01-01,Debit Card,Food Delivery,1.16,False
d2a7705e-a951-4f77-8cbf-82d4a459b8db,49,2025-01-02,Mobile Wallet,Food Delivery,2.82,True
63b93cc5-a07c-44aa-b0c0-fe2906e3244c,10,2025-01-01,Mobile Wallet,Taxi,4.56,True
43c52f5f-4049-498d-8e9e-f42494a47f4b,30,2025-01-02,PayPal,Scooter,3.28,False
4a2462cc-3018-4342-9f5b-3477e9650544,21,2025-01-01,PayPal,Food Delivery,4.33,False
1851b17c-78c7-4261-8505-1061a52a8ea8,21,2025-01-02,Credit Card,Taxi,4.97,True
a5678cdf-2513-4570-8be0-519af1c59c54,34,2025-01-02,Mobile Wallet,Food Delivery,1.65,False
c3de7782-9d02-4263-9165-3d24ef6aa0ee,9,2025-01-02,PayPal,Food Delivery,3.77,False
99d3b0cd-d187-462e-b4f8-7b5a3e89ab0c,34,2025-01-02,Debit Card,Taxi,3.7,True
f94eb1b6-20bd-4bd5-a6f9-89da26804024,12,2025-01-01,Cash,Scooter,4.92,False
f4f15fdb-7a3c-4919-b9a2-142beef35eba,47,2025-01-02,Debit Card,Scooter,4.94,True
4e4a5894-8a81-4063-9889-d2472b5bfeaf,21,2025-01-02,Cash,Package Delivery,3.75,False
c8b77b80-3251-4e64-a6ed-912927f8ad4c,20,2025-01-02,PayPal,Taxi,1.97,True
8986e803-ca7a-4b8f-9ca1-f96b29ec2453,6,2025-01-01,Credit Card,Package Delivery,4.19,False
ac44fd54-61f2-42d8-826a-ccd7bbdcf06d,45,2025-01-02,Debit Card,Package Delivery,1.43,True
3d4b92d8-73b3-4065-bce8-8c7947fc2ca8,36,2025-01-02,Debit Card,Package Delivery,4.12,False
5a1d3785-3fef-46de-8583-1695891f4e11,12,2025-01-02,Debit Card,Scooter,4.64,True
299fb084-da08-4d64-a1a4-7447a8d7b049,41,2025-01-01,Cash,Taxi,2.53,False
ed3db9af-0a2d-4ec7-8cbd-a19d17e200fa,31,2025-01-02,PayPal,Package Delivery,3.52,True
3f5220b8-051d-4be5-a3fe-b379385cee3e,2,2025-01-01,Debit Card,Taxi,2.72,False
f7b30635-1bf1-4bd7-bab5-0a00ff08b15f,16,2025-01-02,Debit Card,Taxi,2.75,True
3f99b1d6-8ef0-4cd6-80f5-6c24a10272d7,1,2025-01-01,Credit Card,Scooter,2.24,True
183a7e0d-6051-4259-a939-67b79e840bc8,4,2025-01-01,Credit Card,Package Delivery,4.05,False
ed77b4f7-af0a-4107-92f1-87ef7d50a5aa,47,2025-01-01,PayPal,Package Delivery,4.74,False
57675c2a-fc66-4a51-8f95-ac951c6c7a33,1,2025-01-02,PayPal,Taxi,4.76,True
dc88f36c-2e35-4daf-906b-53570340b14b,47,2025-01-01,Mobile Wallet,Food Delivery,1.7,False
04323d99-c9cb-42d5-939a-6c1f920bdf78,35,2025-01-02,Credit Card,Scooter,4.5,True
7fb957d0-6631-44f1-8481-aa645cf2f37f,13,2025-01-01,Mobile Wallet,Scooter,3.95,True
e6afe006-f37a-4879-b73d-08a5fd08ec2e,45,2025-01-02,Cash,Scooter,2.01,True
d888899f-935f-4da3-8a62-fd0b40fce5bb,42,2025-01-02,Mobile Wallet,Scooter,1.27,True
5412d135-e49c-45ac-96fd-874a517cf886,31,2025-01-02,Debit Card,Package Delivery,2.07,True
a8a0e610-6f64-4fc6-88fb-be8f78a3c047,20,2025-01-01,Mobile Wallet,Package Delivery,4.65,True
3114706c-5641-411a-b46e-c652e7e63027,7,2025-01-01,PayPal,Food Delivery,3.53,False
568165d1-a3a8-471a-a3bc-835d0f23422f,40,2025-01-01,Cash,Scooter,3.88,True
0f18a44f-d860-4511-be81-4d1bfb3dd4e9,33,2025-01-01,Debit Card,Scooter,2.03,True
1211d1b5-0000-4851-b202-b7f26b587d76,28,2025-01-01,Mobile Wallet,Taxi,3.88,True
f0271f38-060a-4743-b8a5-2202668594d1,44,2025-01-01,Cash,Package Delivery,1.11,True
e13ec0ff-776f-4fb4-be78-979d97e255f1,44,2025-01-02,Cash,Scooter,2.5,True
b9970dbb-9ef1-417d-b274-3b7a25ec5fb5,20,2025-01-02,Debit Card,Food Delivery,3.51,False
7d39d079-bee1-47b1-a73f-43b9503a3645,32,2025-01-01,Mobile Wallet,Food Delivery,1.58,False
d2b3a5b6-716c-4db2-9f61-5f13a8997204,9,2025-01-01,Cash,Package Delivery,4.29,True
d6cf3ada-6300-42b3-b562-36dd64fd2b2e,34,2025-01-02,Cash,Food Delivery,1.94,True
5813937b-dae6-47eb-a96b-671882604db4,14,2025-01-01,Credit Card,Food Delivery,3.61,True
36137703-5b0f-4fff-9492-2363491ae2ba,4,2025-01-01,Cash,Package Delivery,2.62,False
8f4833ab-4f98-4e7e-bf96-f5f7125f1f4c,29,2025-01-01,Credit Card,Scooter,3.38,False
77e66ca4-7a73-4854-9097-7158e5eac563,15,2025-01-02,Mobile Wallet,Scooter,1.43,True
067b3871-b6d1-43d9-9709-bc0e4e55408f,17,2025-01-02,Mobile Wallet,Food Delivery,1.07,False
bfc9be81-02f8-4e59-b294-9ed66c86c997,19,2025-01-01,Mobile Wallet,Food Delivery,4.64,True
c644dbc3-2cff-42bd-af77-35df9a4c0a29,38,2025-01-02,PayPal,Scooter,2.08,True
06243d7e-74e8-448f-a0d6-9069c87e2e2d,9,2025-01-02,Mobile Wallet,Package Delivery,4.28,False
4b7b9026-212c-4da4-97b2-8cf31bed06f4,27,2025-01-01,Cash,Food Delivery,5.0,False
fd436a33-4b9b-4a9e-9f60-d448981122b3,49,2025-01-02,Debit Card,Taxi,1.85,False
4fe6b5df-0d54-4be5-a93a-26446e4dad78,15,2025-01-02,Credit Card,Package Delivery,2.06,False
62fed7ec-e5df-4c2e-ac93-e17cc9d6d01a,37,2025-01-01,PayPal,Food Delivery,3.65,False
8a9c8206-ee35-4656-9d4a-5ede9312208b,28,2025-01-02,Mobile Wallet,Food Delivery,4.86,True
7f4e9ea8-ece7-4fde-8d4e-b7e97f97ac8d,4,2025-01-02,Mobile Wallet,Taxi,4.66,False
615ae800-4b7b-4cfc-856b-f5fe86f1d87b,21,2025-01-01,Debit Card,Taxi,3.01,True
6a1415d0-6054-4ef1-853f-7cd8f8206eb2,34,2025-01-01,Debit Card,Scooter,4.18,False
35507d50-68be-4039-8b9b-45c3ea80820e,19,2025-01-01,PayPal,Package Delivery,1.54,True
53776b76-c8c9-4562-9499-7d5412095984,37,2025-01-01,Credit Card,Package Delivery,4.91,False
6646ba5e-8b82-47f2-9335-400a18f66852,4,2025-01-02,Mobile Wallet,Scooter,4.86,False
9f3d0173-dc2b-45dd-9b39-92b71c7e464f,37,2025-01-01,PayPal,Package Delivery,1.65,True
ad0ca1f1-ff55-4922-8356-f9d892f1c29c,32,2025-01-01,Cash,Package Delivery,2.2,False
f8a49d8f-db32-4904-a216-664c107982df,45,2025-01-01,Cash,Package Delivery,1.4,True
bce313ac-f906-4a71-91f8-f633e4baab17,48,2025-01-02,PayPal,Package Delivery,2.09,False
bc8dddd6-e2e2-474a-9d2e-38a3fd3bd7d5,12,2025-01-02,Mobile Wallet,Package Delivery,4.26,True
70d7afab-f1f2-49e6-9d78-32f80c346690,41,2025-01-01,PayPal,Taxi,2.51,True
1c38a685-d9e2-4520-841b-caa6e1fa6efd,16,2025-01-01,Mobile Wallet,Package Delivery,1.35,False
34ed2225-0f8e-4065-b80a-d18a5336977d,14,2025-01-01,Debit Card,Taxi,2.37,False
f89a3f58-cd07-4af5-8af8-fe3ddb6844d0,1,2025-01-01,PayPal,Package Delivery,4.93,False
a937ebcc-1f33-44d3-a702-3d54c6b06d54,32,2025-01-02,Mobile Wallet,Scooter,3.52,False
1a9b9143-9d44-4e0e-ab94-cc138be5b754,21,2025-01-01,PayPal,Food Delivery,2.66,False
ea94b632-d937-471c-8da7-6bbcd882d534,4,2025-01-02,PayPal,Taxi,1.67,True
704e25ec-7861-44f1-a5cb-fc8f1ee584d6,9,2025-01-02,Mobile Wallet,Package Delivery,4.94,False
03600080-73ab-4a50-9cd4-46591b225bb6,46,2025-01-02,Mobile Wallet,Scooter,4.28,False
8e91b3d6-cbbf-49bc-9a63-baded927eb88,22,2025-01-01,Credit Card,Food Delivery,2.13,True
3af36998-df4f-46d6-9540-5fdcc797188a,12,2025-01-02,PayPal,Taxi,1.28,True
7e14338d-3e8b-47e4-b4d7-a019a72be7e6,30,2025-01-02,Cash,Food Delivery,1.23,False
955835c4-d264-49ee-b0ba-c3c6c3d85548,30,2025-01-01,PayPal,Scooter,1.48,True
c809936c-643a-4a8d-bb4b-2519f56cd64a,32,2025-01-02,PayPal,Taxi,3.32,False
501db413-219d-49cd-b07a-ba1466fe8ea8,36,2025-01-02,Mobile Wallet,Food Delivery,4.72,True
c7f6c5f7-2802-40ae-a0eb-d215bdf68f7f,7,2025-01-02,PayPal,Package Delivery,2.99,True
e415686b-01a4-4287-9894-6cce93ed79ed,17,2025-01-01,PayPal,Taxi,4.37,True
f3c2d17b-489e-445d-bf8b-49e38d548920,1,2025-01-01,Cash,Food Delivery,2.78,False
2c7b267a-a595-4b0d-bb51-bd7621a64b7d,14,2025-01-02,Mobile Wallet,Scooter,3.83,True
353e1822-f3df-4caf-ae66-31cd76471069,47,2025-01-02,PayPal,Scooter,3.93,False
98833555-3ea2-4de6-85fc-5903dd52d796,44,2025-01-01,Debit Card,Taxi,1.7,False
4eb1ef56-9eb2-44da-ba8b-bb40031b132d,44,2025-01-02,Credit Card,Food Delivery,2.44,False
755fd36d-4e6a-4dce-a315-4cc5f8392589,38,2025-01-02,Cash,Taxi,3.55,True
15e3335d-e0db-4992-9fa9-e98a37302421,26,2025-01-01,PayPal,Taxi,1.28,False
fb3ae18a-5cab-4ca2-b471-32d61cef1556,27,2025-01-02,Debit Card,Food Delivery,2.45,True
8158d9f0-9011-4095-98ea-9c84b919dd3f,45,2025-01-01,PayPal,Food Delivery,3.14,True
ded236b0-2b8a-43e1-862c-63f340ce4a98,16,2025-01-01,PayPal,Package Delivery,4.98,False
acdc53a9-22cb-4875-92bf-a435b0d43da3,46,2025-01-01,Mobile Wallet,Food Delivery,2.9,False
d794fb12-b565-4301-9789-6731f6909172,7,2025-01-01,Mobile Wallet,Scooter,4.26,False
f4456db8-c187-46bf-91be-5ce6d54bdb66,32,2025-01-01,Mobile Wallet,Taxi,2.73,False
bf9038b1-0f01-4277-a696-8d73db856946,25,2025-01-01,Debit Card,Taxi,4.19,False
08634ec4-c3c8-4bb9-920d-ccafe4a336bd,31,2025-01-02,PayPal,Scooter,3.38,True
ccbf7694-bd23-4fca-9c63-eb35c20e0bff,16,2025-01-01,Credit Card,Food Delivery,4.55,True
7245b4f0-70f6-4e40-a805-ccb455c5860b,41,2025-01-02,Cash,Scooter,2.64,False
a23ae60d-a2d6-4cde-bb8e-766a44f037d9,14,2025-01-01,Mobile Wallet,Scooter,3.42,False
c332c4b2-6ccf-4bc1-8e03-8b7a0124587c,25,2025-01-02,Mobile Wallet,Package Delivery,3.52,False
27f83280-6de9-444a-80ab-0a0ca90a0568,30,2025-01-01,PayPal,Scooter,2.67,True
06552b7e-0d20-47f9-a45d-393b9bd535b9,7,2025-01-02,PayPal,Taxi,1.58,True
ae08ef6b-7c0e-40b0-a507-3155528695a5,12,2025-01-02,Debit Card,Scooter,1.37,False
b5f78263-75d8-41cc-9b55-67d53d3d7e94,3,2025-01-02,Debit Card,Taxi,1.07,False
bb50ed5c-67cd-470d-8ae6-f8f3509152d9,27,2025-01-01,Mobile Wallet,Taxi,4.49,True
f9201d8e-37bb-4bff-9b25-c3a6701a7dc1,46,2025-01-01,PayPal,Taxi,1.95,True
9bd58dca-36fb-491e-970b-430e00df8fff,19,2025-01-01,Credit Card,Food Delivery,1.85,False
2f262cf8-17c0-4f51-8767-57e656f2631d,43,2025-01-02,Cash,Package Delivery,3.94,False
1e49534f-c091-4057-8626-17967073db78,37,2025-01-01,PayPal,Taxi,2.28,True
ee1f373c-9022-4c24-ae1e-95cc9fc62592,45,2025-01-01,PayPal,Taxi,3.02,True
346aa1d5-f9e0-4b36-80d4-7834ec2e65c8,42,2025-01-02,Debit Card,Food Delivery,1.65,True
41bf11f7-7dd6-461e-8cf6-747dc6779ea3,7,2025-01-02,Cash,Taxi,4.84,True
b6840c0e-6767-48d3-8c7a-dc55f1b42639,49,2025-01-01,Mobile Wallet,Scooter,4.41,True
cf03ede5-5505-4e48-94ba-e48c8bc2e441,16,2025-01-01,PayPal,Scooter,4.46,False
bfd59d51-2f20-4cda-8b4f-5df83c336286,32,2025-01-02,Mobile Wallet,Package Delivery,2.63,False
d93a0b0c-ae47-4211-aa27-a3f121ff8a3f,8,2025-01-02,PayPal,Taxi,4.05,True
e5cb0c02-46f0-4558-a9e5-7536ea953b43,49,2025-01-01,Mobile Wallet,Food Delivery,1.58,True
612081cb-6a0b-4954-8b1d-ddbad4d1874b,13,2025-01-02,Cash,Scooter,1.03,True
f5b3e2b7-6ee0-4d99-97a4-27bd8ddd0e61,11,2025-01-02,Debit Card,Food Delivery,1.08,True
d94020ac-ed4e-4754-80c2-a0f6d9715c29,20,2025-01-01,Cash,Food Delivery,3.35,False
829577db-faba-4985-8a1a-8de0e6491cfb,18,2025-01-02,Credit Card,Scooter,2.82,False
d87bc38d-23ac-443a-9004-e36834d59575,37,2025-01-02,Debit Card,Food Delivery,3.07,False
f70019f0-82c7-445b-a19b-fcd623e9c143,6,2025-01-02,Cash,Scooter,1.03,False
ef187934-5280-4aac-b3a9-94af417d9594,20,2025-01-01,Credit Card,Food Delivery,2.69,True
84e77472-868d-4e47-8b23-f5519497c74a,32,2025-01-02,PayPal,Scooter,3.87,True
4d445302-6aff-4367-91fa-4621a69cd33f,46,2025-01-02,PayPal,Taxi,2.77,False
65ee2aa2-f269-45fa-ad77-0a06634893fa,44,2025-01-02,Mobile Wallet,Package Delivery,3.93,True
a9a489bd-f99f-46c2-b8f9-a0a010b4f079,29,2025-01-02,Debit Card,Scooter,1.93,False
a831a4a0-24d9-4411-beea-286baeba57ff,4,2025-01-02,PayPal,Scooter,4.25,True
f6ac2208-9961-4445-b584-58fd9b97326c,7,2025-01-01,Debit Card,Package Delivery,3.35,True
e0cd5a6f-5ffb-471b-8216-8929952aab0f,43,2025-01-02,PayPal,Scooter,1.84,False
b626977b-de66-4653-8f5f-83ff6916c406,20,2025-01-01,Mobile Wallet,Scooter,1.95,True
582592d5-1e70-42b0-a555-3274cf026481,34,2025-01-01,Cash,Food Delivery,3.51,True
7c81da33-9d18-42da-a2f7-80c40ff0c679,36,2025-01-01,Mobile Wallet,Package Delivery,4.32,True
0c4c1d55-e20f-4d42-bec3-87c82951bfaa,7,2025-01-01,Credit Card,Taxi,2.66,False
f766f81e-6494-4263-adf4-e1a19291773c,33,2025-01-01,PayPal,Scooter,2.03,True
6a90f577-3d36-4db9-8f82-85a6e2d56192,15,2025-01-02,Credit Card,Package Delivery,4.47,True
4ab63219-fec6-4228-b917-cdacba69361b,32,2025-01-01,Credit Card,Food Delivery,3.68,True
6ab4f623-65ef-40a7-b996-dea8c6d19ee9,22,2025-01-01,Debit Card,Taxi,2.79,False
03f8c973-ca91-4953-8b34-03b1e1a6cf92,40,2025-01-02,PayPal,Package Delivery,2.95,True
555a72e2-ca7f-4a79-9d6f-266082647ae4,29,2025-01-02,Credit Card,Taxi,1.82,True
4c4cae5d-cfe8-47e3-a39e-38c1431a16e3,25,2025-01-02,Cash,Taxi,3.51,False
7ad84814-3e72-40e7-ae6b-138c9037fc22,5,2025-01-02,Credit Card,Taxi,2.43,True
b09133fe-9d36-4808-8e3b-ec2a9bb9318d,14,2025-01-01,Cash,Scooter,4.98,True
a7b7bc30-0d91-418f-aae0-c59fcfe29cf8,35,2025-01-01,Debit Card,Scooter,2.92,True
c41b5aef-01da-4705-b313-61b25364aad7,2,2025-01-02,Credit Card,Food Delivery,2.94,False
e3b3caa7-093a-4fc7-b5a6-3b5abfcd454f,25,2025-01-01,Mobile Wallet,Food Delivery,3.26,True
ce9f5e60-5021-4eab-881b-9f85f72498c6,16,2025-01-02,Debit Card,Package Delivery,4.67,True
dbee32b8-41a3-4885-8735-8ee2c12ccb36,46,2025-01-01,Cash,Food Delivery,4.2,False
fd00fe70-9869-4831-875e-c7d61be5ae01,16,2025-01-01,Debit Card,Taxi,2.8,False
f1ae3ffc-43c3-4ce9-9a54-0740b7f95440,11,2025-01-02,Credit Card,Taxi,3.87,True
804ac2c1-954c-4e8e-9364-536b74bb3da8,49,2025-01-01,PayPal,Scooter,3.34,True
7a746c7c-1174-4bc7-8fa2-96c16ba2bf30,35,2025-01-02,PayPal,Taxi,2.97,True
929dc713-9349-4bba-8024-faef0e7bde59,23,2025-01-01,Cash,Package Delivery,1.77,False
014a6a58-34a2-4d21-927c-fd0cd8139cf2,5,2025-01-02,Cash,Taxi,2.86,True
62e0af77-8294-419d-8626-67b3871dc573,35,2025-01-01,PayPal,Taxi,1.98,False
419ddfb5-4121-4baa-a2ee-e353f14fd1e5,29,2025-01-01,Cash,Package Delivery,4.66,True
2ce737f2-15f6-4d1d-a18a-365d623c09a8,47,2025-01-02,Debit Card,Food Delivery,2.34,False
ce544ca9-cad1-4474-82b8-1ff4bfc70b04,5,2025-01-02,Mobile Wallet,Food Delivery,4.81,False
dae6be30-a99f-4873-88db-87ada085e8a5,3,2025-01-02,Mobile Wallet,Package Delivery,3.13,False
928362c7-4a95-4ef8-8459-b3ffcc62d660,6,2025-01-02,Debit Card,Scooter,3.53,True
08984d7f-f53a-403c-ad1b-daa065dccf8a,23,2025-01-01,Mobile Wallet,Taxi,3.17,False
72bcd6a5-48d2-43a7-a93e-59f05bd70ce1,46,2025-01-01,Credit Card,Package Delivery,1.52,False
b3cd7c18-0ff9-4673-ae6e-770fa2c97205,2,2025-01-02,Debit Card,Taxi,2.5,True
a47a2806-3db0-45a7-a134-e1ee366c4e45,18,2025-01-01,Cash,Scooter,1.4,False
c2664c23-dabf-4671-8ba9-fb38eedc2b93,30,2025-01-02,Debit Card,Taxi,3.49,False
65d258a3-5360-40bc-8336-2d99c1a9b3a1,38,2025-01-02,PayPal,Package Delivery,2.79,True
32403d2a-50cc-4004-87c4-713e73ee931b,5,2025-01-01,Cash,Taxi,4.11,False
da8a92d4-58b4-4dd7-a61b-e1f65fffda90,46,2025-01-02,PayPal,Food Delivery,1.88,True
e1058812-7664-473a-aa93-50e3ec76e537,49,2025-01-01,Cash,Scooter,1.66,True
37ffb04b-0d4d-4d77-96ee-6e29a8de1d2f,11,2025-01-01,Mobile Wallet,Scooter,2.63,True
64590c1e-c74f-438f-b357-67b4bc5992e3,1,2025-01-01,Debit Card,Scooter,4.71,False
fa936716-4c23-4273-9ee5-2c56afb2a204,10,2025-01-01,Credit Card,Package Delivery,3.84,True
85c50449-88e1-49fe-8c1c-fa326e568dd0,41,2025-01-02,Cash,Scooter,2.68,False
223cd85b-d0c8-4154-b106-ec8b6e6677f2,44,2025-01-01,Cash,Food Delivery,3.07,False
9129604b-5dce-4ef9-8de2-726ccc476e40,26,2025-01-02,PayPal,Package Delivery,1.34,False
e029a8d5-0c97-4918-b9e2-6b50e6ff9e8c,33,2025-01-02,Mobile Wallet,Food Delivery,4.94,False
d1f1daa8-6d6b-4638-8c23-75483d1e1548,27,2025-01-02,PayPal,Taxi,3.67,True
35920d99-8b36-4f67-9180-075c277f8847,12,2025-01-01,PayPal,Taxi,2.14,True
2cb60f9b-c235-471a-8e8d-bcd8aa271cdf,2,2025-01-02,Mobile Wallet,Taxi,3.34,False
be0e8f0d-ce31-4f3d-9a0b-ac54c24d55a3,1,2025-01-02,Credit Card,Taxi,1.44,False
6321d2e6-17f3-4c61-85b2-1576b4dfb345,1,2025-01-01,PayPal,Food Delivery,4.86,True
7e378f67-6717-4949-a11c-7f4584248163,33,2025-01-01,PayPal,Package Delivery,1.7,True
e914ac3d-cb32-46c2-8f69-7b00bb901cb6,22,2025-01-02,Cash,Package Delivery,3.59,True
0a00a826-299e-42a2-a00c-5b6a2c1584e8,12,2025-01-01,Mobile Wallet,Scooter,1.98,False
b90c9eec-d2c8-454b-8d1e-e9af5919fb8f,39,2025-01-02,Debit Card,Food Delivery,3.87,True
38427966-332c-453c-b939-d69694869810,36,2025-01-01,Credit Card,Taxi,4.11,True
b664da00-a316-4ba8-a721-8ad5259e8992,21,2025-01-02,Credit Card,Food Delivery,3.69,True
c6863d30-8aa2-4bde-8d46-fb5f7f631a6d,20,2025-01-02,Mobile Wallet,Scooter,3.46,False
ee03b1f4-dd96-4028-8776-cc99872dd69a,36,2025-01-01,Cash,Scooter,4.57,True
2d20a6f2-5799-4864-9c85-f19d3dff09d3,26,2025-01-02,Cash,Food Delivery,1.31,True
d8067f7e-f05d-4209-8769-24ec06122074,47,2025-01-02,Mobile Wallet,Food Delivery,2.32,True
b787806a-23cf-4c12-9953-eb7b493877e8,31,2025-01-02,Cash,Food Delivery,1.99,False
07e068a1-236b-4d52-92f3-df451a55e521,1,2025-01-02,Credit Card,Package Delivery,4.95,False
ebbb28fb-420b-4c3b-84d7-515120d55779,38,2025-01-01,Credit Card,Taxi,2.56,True
4e8d9bce-42d6-4686-8729-e9ef848c9d6c,14,2025-01-02,Debit Card,Food Delivery,3.93,False
1df3cd36-389b-4d9d-b4a9-0fbd5a53f9c9,26,2025-01-02,Mobile Wallet,Food Delivery,3.74,False
25dbd67e-7b3f-40b1-aad0-2e850b68dc4b,46,2025-01-01,PayPal,Food Delivery,1.85,True
52f34396-92f4-4d8f-9632-7b59563ca969,42,2025-01-02,PayPal,Scooter,1.96,False
e65816b1-a1a6-4325-82f3-6ca36e3a112f,7,2025-01-01,Debit Card,Scooter,2.13,True
40f32eae-514f-4ebe-a0d2-b44e13ac5ea9,12,2025-01-01,Debit Card,Package Delivery,2.64,False
efab6a70-402f-41af-81ae-4c336c497c85,24,2025-01-01,Cash,Taxi,1.94,False
8f344be8-6547-4311-97f0-6387766acf6d,19,2025-01-01,Debit Card,Package Delivery,1.08,True
e8833ee8-c859-46af-9241-58835e6a6087,9,2025-01-02,Debit Card,Taxi,4.52,True
9d4953b4-a4b6-4996-b8de-dfa303358401,35,2025-01-01,PayPal,Scooter,4.86,True
941c9b03-cd87-4553-9c57-a28d5289ae45,4,2025-01-01,Cash,Scooter,2.37,False
91f31535-7f85-410b-b672-56a6ab9e2f2a,45,2025-01-01,Debit Card,Scooter,2.35,False
8a74e4b5-96a0-401f-93a0-d61dec343ebd,42,2025-01-01,Debit Card,Package Delivery,1.03,False
74c9395e-1c04-4dc2-a3af-d452b5fdfa42,32,2025-01-01,Cash,Food Delivery,3.72,False
7a506e70-7b27-4055-8c49-2a7227d9e202,46,2025-01-02,Mobile Wallet,Food Delivery,4.3,True
5df06c1e-5a52-4dc2-bb2e-5e3258100fb0,6,2025-01-02,Cash,Scooter,1.59,True
ae06bae2-9e57-4f75-8391-aa9f4083c7f1,28,2025-01-02,PayPal,Food Delivery,1.64,True
f78fea1f-48ce-49b7-8abb-ee54cdf55adc,28,2025-01-02,Mobile Wallet,Food Delivery,4.16,True
1313ce5d-d1d4-4cb2-a1f6-d97ee563bf40,40,2025-01-02,Credit Card,Package Delivery,3.47,True
a6fbacaa-019a-49c3-b8db-385f4361a544,29,2025-01-01,Cash,Taxi,1.18,False
5952f889-a160-4c73-b001-1e6b1a8f02cc,42,2025-01-01,PayPal,Scooter,3.49,False
b4c1ce21-9a36-47dd-b5f7-849b1c4c4a07,5,2025-01-01,Mobile Wallet,Scooter,2.24,True
6ca27dc0-eb17-41b8-9dbe-54d6087f5a9b,5,2025-01-01,Cash,Package Delivery,2.47,False
53032b10-65c9-4828-9e2d-9ce164cea0b3,37,2025-01-02,Debit Card,Package Delivery,4.08,False
8ae60f80-edef-454b-acea-dc99981b224d,41,2025-01-02,Cash,Food Delivery,4.24,False
e8f6872b-a773-4578-88e4-e1f9caa31d6f,28,2025-01-02,Credit Card,Scooter,2.6,True
084ceaa6-912e-4556-9852-cc3ae0b3545f,41,2025-01-01,Cash,Taxi,4.79,False
dbd259f3-a557-47e0-9e3e-ea5b5d26f95f,47,2025-01-01,Mobile Wallet,Package Delivery,2.63,True
1e909a38-365a-417e-954c-f8ed79184593,9,2025-01-01,Mobile Wallet,Taxi,4.09,False
409b8b96-8343-41ea-9c07-1a30fe6fa557,29,2025-01-02,Cash,Taxi,2.94,False
fa8ad402-ed4e-4d97-8fc6-cc2dea0b6140,14,2025-01-01,Mobile Wallet,Scooter,4.59,True
ddd5b81a-b89f-48b6-8fdc-28f590680a3e,38,2025-01-01,Debit Card,Scooter,4.63,True
758006e3-2a37-4606-b977-d54d65091827,40,2025-01-01,Cash,Package Delivery,1.35,True
532cf6ca-0472-4571-83c1-98380fbbcc70,34,2025-01-02,Debit Card,Scooter,4.75,True
ae4e50a1-77b7-40e6-812a-f058c437f541,37,2025-01-02,Debit Card,Scooter,4.3,False
d7d762c1-4cba-49cd-80cf-aa3704083938,49,2025-01-02,PayPal,Scooter,4.17,True
56ce17bd-aea3-4831-a4e9-84b65cce586f,42,2025-01-02,Cash,Taxi,1.8,True
0ef8600c-99f1-4eb4-ac24-44b13d3571ad,14,2025-01-02,Mobile Wallet,Package Delivery,4.22,False
7d942b21-254c-40bb-8442-3a2ca0a5a024,18,2025-01-02,Debit Card,Food Delivery,4.4,False
5af312ec-30d2-47ea-a552-012a1569d5d6,33,2025-01-01,PayPal,Taxi,2.16,False
058edc3e-2206-47b0-95d4-34081f892d40,34,2025-01-02,Cash,Scooter,4.81,True
ea47e292-a2ed-4d3a-b439-ff2773226b4f,28,2025-01-02,Cash,Taxi,1.2,True
d391ce1c-3b3d-4844-a292-f3a8e5d9e5a9,36,2025-01-01,Credit Card,Scooter,1.6,False
e82eb5d4-849f-44bb-9f21-9761f04a9959,45,2025-01-02,Credit Card,Scooter,3.15,False
45f163cf-30a6-4a7c-aed3-325d00a85702,48,2025-01-02,Debit Card,Taxi,3.3,False
16705b44-3557-4a9e-8db2-c7c5aa886b46,37,2025-01-02,Credit Card,Package Delivery,3.58,True
2ef9ff3d-6f1e-439c-9832-2af297062990,23,2025-01-01,Debit Card,Scooter,1.07,False
47a23426-805d-4b25-ba42-75438d845b89,42,2025-01-02,Mobile Wallet,Package Delivery,4.84,True
31703cdf-ea22-4fac-aff8-ebdb1548d7f3,17,2025-01-01,Debit Card,Food Delivery,1.18,True
ac5c7e17-0cdd-4f45-b3f1-da5561f4b14c,11,2025-01-01,Credit Card,Scooter,1.57,False
74b0cfe8-83fe-4c74-8ebe-54d17f7b7246,32,2025-01-01,Mobile Wallet,Package Delivery,1.06,True
c0e85bdd-8b74-4c62-bd99-b46a9674c5e5,37,2025-01-02,Credit Card,Package Delivery,3.27,True
ae05699a-1abe-4793-ba82-b7c89d91e85c,15,2025-01-02,Debit Card,Food Delivery,4.73,True
ac22b4b4-810c-46ce-a9d1-a746a6d9a129,4,2025-01-02,PayPal,Package Delivery,3.66,True
297bdab0-2702-4116-b95e-f11080a91c48,39,2025-01-01,Cash,Package Delivery,4.29,True
1bbc4e60-0aa2-4052-829e-8034cef242e7,30,2025-01-02,Credit Card,Food Delivery,1.05,True
ba9b071e-8bba-46dc-a122-0cdd807d5024,10,2025-01-01,Debit Card,Scooter,3.17,False
b0428339-0a2e-44fb-a438-92b59f2cedf1,23,2025-01-02,Mobile Wallet,Package Delivery,2.84,True
95a62483-4c7c-406c-9e55-c05047bee562,24,2025-01-01,Credit Card,Package Delivery,3.0,False
84a19c94-4d8b-4ea2-b6a4-4122403afd72,36,2025-01-01,Credit Card,Package Delivery,1.29,True
a8e2aac5-6497-49b0-af4f-7e1881e58651,5,2025-01-01,Cash,Taxi,3.74,False
dad06119-81eb-4f62-a274-904917f20839,37,2025-01-02,Debit Card,Food Delivery,3.01,False
e4ab5f3f-c0bb-4309-8fdb-b703b46aed3f,43,2025-01-01,PayPal,Taxi,4.06,False
4e802d7a-f1b7-47c3-a849-bde60b353ad6,19,2025-01-02,Mobile Wallet,Food Delivery,2.94,True
3f1fc6e4-2a28-40a0-b77a-880a41d553c7,37,2025-01-01,Debit Card,Scooter,1.6,True
5dc9f29d-4023-4504-9047-471ed0c02586,8,2025-01-01,Mobile Wallet,Scooter,3.59,True
c3ebe8b0-ef37-4a01-8368-ca603db280c6,7,2025-01-01,Credit Card,Package Delivery,1.69,True
a6c0ca24-1e16-4497-9e4a-7bf040e4da8e,40,2025-01-01,Cash,Food Delivery,4.49,True
80234a43-d163-4f80-a157-53af7b0cd326,13,2025-01-02,Cash,Scooter,3.45,True
a5cec7bf-a0f2-4473-9033-980beaf913cd,37,2025-01-02,PayPal,Food Delivery,1.63,False
a7ab28f6-2ab7-4115-ae21-0114f1529f08,27,2025-01-01,Cash,Scooter,4.85,True
02cc8318-a6a6-4eea-9a39-867cb0b6dc44,18,2025-01-02,Credit Card,Taxi,3.07,True
4ac10802-7704-4726-a3f4-e297ca52d484,24,2025-01-01,PayPal,Scooter,1.29,True
a217fb75-cf25-4bbd-a9bb-0fc2fdd94721,41,2025-01-02,Debit Card,Taxi,3.51,False
939074b9-c1a5-41c7-9946-901156b1344e,2,2025-01-02,Cash,Scooter,2.01,False
32a1bd5d-45e8-4bb1-a400-46ce3d04cc5e,16,2025-01-01,PayPal,Package Delivery,4.21,False
ee2313dd-153b-4b32-8c94-fb0976f14620,14,2025-01-01,Credit Card,Taxi,4.27,False
e15991bd-a5a4-4445-9039-1b577d27360c,17,2025-01-01,Mobile Wallet,Scooter,4.92,True
32d6873a-4d8c-493a-ad79-bb2c015e3b4f,6,2025-01-02,Mobile Wallet,Package Delivery,3.01,True
33eee848-803a-4882-9e6f-97b6dd6940c9,35,2025-01-02,Credit Card,Taxi,2.82,False
de27d936-7096-458b-b32a-df1ad69dff2e,17,2025-01-02,Credit Card,Package Delivery,4.01,False
8ee3d05f-31f1-477a-9dcd-df5ff29b307f,45,2025-01-01,Mobile Wallet,Food Delivery,1.53,True
4359d439-0080-4676-9c34-6cc804592c6b,38,2025-01-02,PayPal,Food Delivery,3.19,False
694fb329-7bc8-485f-96b5-be45be8ce69c,40,2025-01-01,Mobile Wallet,Taxi,3.18,False
9b2d60a0-98a5-419e-aeb3-26568ad10202,6,2025-01-02,Credit Card,Scooter,1.36,False
2227cb09-722b-4b73-8f07-89db93497ee0,48,2025-01-02,Cash,Taxi,2.67,False
2b855cb7-6975-4504-b725-c156733f1d11,38,2025-01-02,Debit Card,Package Delivery,4.41,True
c90f734d-904e-4656-b548-8726c5a102d9,49,2025-01-02,Cash,Scooter,4.42,False
e1da337b-c085-4eed-b254-025f8b68265e,21,2025-01-02,Cash,Food Delivery,1.4,True
d0d071ae-378b-4837-bbb7-b87c783957ff,35,2025-01-02,Credit Card,Scooter,1.36,False
4119a268-e487-4978-8bc7-72d269b12023,23,2025-01-01,Mobile Wallet,Food Delivery,2.05,False
2e696c41-a0a2-427d-ae54-8ae5bfbaf22a,12,2025-01-01,PayPal,Scooter,4.5,True
7b50df21-de12-4149-8351-3a5283579f8c,29,2025-01-01,Cash,Scooter,1.52,True
744b9539-9a56-46bc-ba3d-cbc952c681a4,27,2025-01-01,Mobile Wallet,Scooter,3.88,False
93500ba6-7c4b-4fa0-9aff-94f0927e5612,6,2025-01-02,PayPal,Package Delivery,1.4,False
079ac9ef-27f9-4319-abc3-b1b8838de3e3,21,2025-01-02,Cash,Package Delivery,3.49,False
b03f16b7-a606-4bbb-9264-f62dfc309a55,7,2025-01-01,PayPal,Taxi,2.42,True
eb3cc148-e907-417c-8f8f-15e1defc7461,43,2025-01-01,Mobile Wallet,Taxi,4.16,False
ca1999fe-ac36-4b1d-a218-df8b68226995,41,2025-01-01,Debit Card,Food Delivery,1.93,False
a24daae5-6b88-47dd-8eda-f19abcc09d1a,16,2025-01-01,Mobile Wallet,Package Delivery,3.56,True
f402af1f-dbc1-4ca9-a80f-5aed36bec0b8,5,2025-01-02,Credit Card,Food Delivery,1.94,False
7103a2bf-d1f1-4815-b9ed-78941eb8e21a,15,2025-01-02,PayPal,Taxi,3.85,False
8ef6ea3b-0535-40b2-99af-afecb9bce355,21,2025-01-01,Debit Card,Food Delivery,4.49,False
54974bf5-01fd-472d-ae56-adfa58c89347,4,2025-01-01,PayPal,Taxi,1.51,True
cf1bf6e7-e79c-4744-ba65-5349b2d4f1b4,5,2025-01-02,PayPal,Package Delivery,4.47,False
932dd37d-1a2e-49a6-bd8a-6bf3017c2360,7,2025-01-02,Cash,Scooter,3.37,False
c52d11c4-d074-49e0-b8ec-65308b38c215,35,2025-01-01,Credit Card,Package Delivery,1.51,False
bb0828b4-ec1e-456f-9546-621787269c27,36,2025-01-01,PayPal,Food Delivery,2.71,False
0828cdcc-7bcb-477f-8eb9-15c95cc9cf76,15,2025-01-02,Mobile Wallet,Food Delivery,1.64,True
d4aa8080-1c2a-47f0-9c73-565fd26b33a5,28,2025-01-02,Mobile Wallet,Package Delivery,3.8,False
19ad3e1f-e29e-4b83-a7dd-e5e68fd6c587,2,2025-01-02,Cash,Package Delivery,4.04,False
10c111e1-6049-4cf7-acea-ace9a9ce55d7,5,2025-01-01,Credit Card,Taxi,1.42,False
bcafacb5-71da-4419-b913-dc105a40d95a,7,2025-01-01,Credit Card,Food Delivery,3.02,False
a1c25d69-e806-47c0-9ce1-dd0e7dd4ec7d,22,2025-01-01,Mobile Wallet,Food Delivery,4.26,True
3a6012ee-2896-4c9f-a1b8-c9aaca69f5d2,49,2025-01-02,Debit Card,Package Delivery,4.74,False
3626eae6-5fd9-4399-bd12-693aa93dc583,31,2025-01-02,Cash,Scooter,3.05,False
bd12c77e-ac07-49d3-b6d5-24e94b6b59cc,32,2025-01-02,Cash,Food Delivery,4.8,True
bf2a9615-206a-4b8e-bd5d-8ab3932d81bd,8,2025-01-01,Mobile Wallet,Scooter,3.14,False
14bb9f78-8f49-4ada-939a-6fced4668712,41,2025-01-01,Mobile Wallet,Package Delivery,2.58,True
64e13528-2c9e-4fac-b3d3-54b374560f84,42,2025-01-01,Debit Card,Package Delivery,4.39,False
bccf9774-6271-4242-a6dd-ce13377fd96f,11,2025-01-02,Debit Card,Taxi,2.97,True
40aca2ea-9200-4219-8675-70d9eec9b21b,1,2025-01-02,Credit Card,Food Delivery,2.89,True
80de2797-a183-4e63-a9cf-f80f1e942090,47,2025-01-01,Cash,Scooter,2.96,False
40ff7a13-d750-4d52-9d25-7fc5fb0aa067,40,2025-01-02,Cash,Taxi,4.39,True
1c579e9f-dfc1-4198-8e74-8e40a1459a30,19,2025-01-01,Mobile Wallet,Food Delivery,4.33,True
3401f028-dd0d-4ccd-bf56-6ce125088be0,44,2025-01-01,Credit Card,Taxi,2.61,False
aac618c8-e584-4039-a1c7-fc98b6a929c4,38,2025-01-02,Cash,Package Delivery,2.33,False
9b443c01-5528-4434-ad91-a6a777aaa195,42,2025-01-02,Credit Card,Food Delivery,2.97,False
76d9b198-f098-4bd0-9d9d-3fff533d50d3,37,2025-01-01,Credit Card,Taxi,3.29,False
8e103c46-2169-4d53-b438-1694d5d0e26f,7,2025-01-01,Mobile Wallet,Taxi,1.95,False
c6c59a96-6d7e-410f-a46d-f4fee339b181,39,2025-01-02,Credit Card,Scooter,4.18,False
422f502e-1a67-4057-9300-bb7cd0403650,25,2025-01-01,Debit Card,Taxi,2.95,False
1fba6086-0b12-4cfc-8875-39b121be6f18,22,2025-01-02,Debit Card,Food Delivery,2.34,False
11bd5748-b084-442d-a269-37d2a88d2e38,27,2025-01-02,PayPal,Food Delivery,1.43,False
0f30e368-e528-4b74-a820-de0eea183405,41,2025-01-01,Mobile Wallet,Scooter,1.96,True
2d5b7364-d252-4738-a316-cce6c3ad3535,47,2025-01-01,PayPal,Food Delivery,4.8,True
5e166255-13e5-4743-a580-f8e06c941bcb,38,2025-01-02,Debit Card,Package Delivery,2.22,True
a9cf0a6d-317e-4f4f-b742-bc20b2d450b8,48,2025-01-02,PayPal,Food Delivery,1.68,True
3772846d-4b83-4624-b686-0896c14c735f,39,2025-01-01,Mobile Wallet,Food Delivery,2.84,True
aa526d00-0435-48dc-b6e1-95bb9ff108a7,15,2025-01-02,Mobile Wallet,Taxi,2.23,True
3a7c05f8-1476-46f5-bfaf-274d3c8507b4,2,2025-01-02,Credit Card,Taxi,1.14,True
91c8adf9-e46c-4bfe-9024-acef5c69e20b,8,2025-01-01,Cash,Food Delivery,2.29,False
734d55b8-bb53-448a-937d-b2a88c1a8791,44,2025-01-01,Credit Card,Scooter,3.18,True
5c2d2913-b6d9-4e5c-bad8-ede096fb9220,43,2025-01-01,Mobile Wallet,Taxi,3.21,True
5cf65846-77a9-4bd8-ae2e-2249380dc1d3,6,2025-01-01,Debit Card,Scooter,2.43,True
48382812-bf89-483c-be7e-a938aec5b1c6,20,2025-01-02,Debit Card,Food Delivery,2.79,True
09440ac6-121f-408a-815c-747712bac74b,27,2025-01-02,Credit Card,Food Delivery,4.86,True
f2f0bc42-017a-4102-b9e9-e251d15dac18,45,2025-01-01,Mobile Wallet,Package Delivery,2.51,False
26d4ac3f-b7d8-40e8-af2f-8421c66ec96c,23,2025-01-02,Debit Card,Taxi,2.03,True
dcebf88e-702a-4abe-8433-cbb346015681,48,2025-01-02,Mobile Wallet,Food Delivery,1.97,True
0830dad7-307a-4946-b0ab-c3ac953df7ab,40,2025-01-02,Debit Card,Package Delivery,2.83,False
0aaf781a-3d96-4a4a-b8c5-b8c2e427a851,17,2025-01-01,Mobile Wallet,Taxi,4.04,True
4e5a38d5-1256-45e3-9a88-8eca8aadabb1,13,2025-01-02,PayPal,Food Delivery,1.82,False
aad3f5b0-e8a9-43de-9eee-e2f820b1a886,4,2025-01-02,Mobile Wallet,Food Delivery,3.84,False
535b99ed-f455-4337-831a-e93fda60a926,20,2025-01-01,Mobile Wallet,Taxi,1.08,False
bffdf232-c3c6-428a-a922-050db175872b,42,2025-01-02,Credit Card,Taxi,2.68,True
87afbb5b-c838-4d0e-8f07-d127d86d2965,25,2025-01-02,PayPal,Taxi,4.1,True
081a8cba-7601-4a3a-b840-2954c436ed68,22,2025-01-02,Cash,Food Delivery,2.35,False
00f1aaf5-4754-40ae-9d3e-64d07c995791,48,2025-01-01,Credit Card,Food Delivery,3.25,True
c0e86d16-fcc8-40e8-bc21-76ee839e6e03,17,2025-01-02,Cash,Package Delivery,1.82,True
99cf139a-6477-4cd7-8032-4eb1d37fd436,40,2025-01-01,Debit Card,Scooter,3.97,False
f1b23c11-180b-4da3-94a0-0fbd16ea02d7,11,2025-01-02,Cash,Taxi,1.21,False
d64774b8-7d83-41d2-b917-bdf31254b761,25,2025-01-01,Mobile Wallet,Food Delivery,4.41,True
c39ed3c7-d8b4-4bf0-ba55-f648105078e2,5,2025-01-02,Cash,Food Delivery,1.79,False
3bd5f09e-2c66-4a42-b989-bb5fefb7132b,21,2025-01-02,Credit Card,Taxi,4.5,False
56fb037b-50e5-480c-bf54-22c5255b02fb,26,2025-01-02,Credit Card,Scooter,2.41,True
e4b08cf8-6818-44e7-ad1d-9c24f0ccfbbc,16,2025-01-01,Cash,Taxi,3.89,True
d07ff02a-a6c4-4921-9636-095cda328b80,40,2025-01-01,Credit Card,Scooter,2.28,False
20934130-ed5c-40db-8b44-992f6b2fc922,21,2025-01-01,Credit Card,Food Delivery,4.62,True
e7a09753-695d-47b6-9305-5446f1c5f170,48,2025-01-01,Cash,Scooter,1.51,True
1156a2c7-c8c3-465b-9632-6a03abc70c77,32,2025-01-02,PayPal,Package Delivery,1.71,True
e5e0691c-75ca-4435-a860-b4895693e85c,4,2025-01-01,PayPal,Food Delivery,2.97,True
17a3b26e-b64a-4fc5-a2d7-7de3b8a4a1aa,38,2025-01-02,Debit Card,Package Delivery,1.33,True
08a7b51a-50cf-4fbe-825c-ebce714ecff2,8,2025-01-01,Credit Card,Taxi,1.78,True
18c30bf5-4eaa-4e30-8ee3-3d8fca4ebf36,9,2025-01-02,Cash,Taxi,4.78,False
cf5f4ff8-cdfc-4bea-9880-27f3766fddc7,45,2025-01-02,Credit Card,Taxi,4.91,False
1d46b06b-dad7-488b-ad76-0d03501c18fc,17,2025-01-02,Mobile Wallet,Scooter,2.51,False
04c2d092-c88b-4fad-98de-5841466a8604,41,2025-01-01,Credit Card,Food Delivery,4.69,False
7ef6d101-8fc2-4f0c-8234-3eea021e3c5f,13,2025-01-02,Credit Card,Taxi,3.18,False
4648e89b-58e1-4a70-98b4-b14abf24bdc9,9,2025-01-01,PayPal,Taxi,2.08,True
0f60a2d3-428d-451a-bb21-dd56471faf13,6,2025-01-01,Cash,Food Delivery,3.81,True
009f087c-d0c3-46b1-ad64-872a3b0e92fe,27,2025-01-02,Credit Card,Taxi,3.64,False
b85a8dba-aa30-4ebe-8d90-506d358c12c0,42,2025-01-02,PayPal,Package Delivery,4.96,True
5e86063d-547b-446d-bfa8-eca8a057e716,37,2025-01-02,Debit Card,Food Delivery,2.06,False
1b0e6bf0-641b-4818-ba28-4cc9a0e743ec,39,2025-01-02,PayPal,Food Delivery,3.69,True
cd3f3935-a70a-4434-b84a-b8b09300d680,43,2025-01-02,PayPal,Food Delivery,1.21,False
b606badc-fedf-4d25-927f-5bf4f6cbe18f,24,2025-01-02,PayPal,Package Delivery,1.45,True
b04202eb-6dc3-4b69-a89d-777fbfc19f14,9,2025-01-01,Credit Card,Food Delivery,1.02,False
42acf593-b51a-45ab-ba31-138e2b053cf5,42,2025-01-02,Credit Card,Package Delivery,5.0,True
5227e3b4-5393-4785-8082-cd6e35181fc7,11,2025-01-01,Debit Card,Food Delivery,4.21,False
5ecddce4-6a44-48af-aea5-55e09a006d41,35,2025-01-02,Mobile Wallet,Scooter,4.15,True
40556765-bdd9-4c01-a000-42c690ec1c3f,29,2025-01-02,Mobile Wallet,Taxi,3.04,True
f624ba17-6e62-4664-b0af-f20b07ee9f57,8,2025-01-02,Mobile Wallet,Scooter,2.2,False
23b591a6-a706-4148-b1a0-deff56b48ff1,17,2025-01-01,Debit Card,Taxi,1.61,False
1ef18df6-d004-4f3d-b675-af3007ece095,7,2025-01-01,Mobile Wallet,Package Delivery,2.14,False
494780db-7a10-4454-898a-7b8016e81132,12,2025-01-02,Mobile Wallet,Scooter,2.5,False
6be5686f-173a-49b4-bd80-dd69421edd7a,48,2025-01-02,PayPal,Food Delivery,4.03,False
70da1288-b722-4f27-8687-0d80480c1eb8,15,2025-01-01,Credit Card,Taxi,3.16,False
87c7a703-3a06-4676-adba-020e0d49427b,29,2025-01-02,Credit Card,Taxi,1.31,False
25b7dd67-000a-4e0f-b73e-e51649ed4418,45,2025-01-01,PayPal,Scooter,1.07,False
bbf76d96-9e3e-4947-9180-aca9011337a6,24,2025-01-01,PayPal,Package Delivery,1.41,True
6fd0b3eb-b577-4c03-b15d-7409af67480f,37,2025-01-01,PayPal,Scooter,2.64,True
555ad2c7-fd83-4ab4-9dc0-4043ee90a6fc,14,2025-01-01,Credit Card,Package Delivery,4.73,True
777631cb-a5fb-47c7-b667-f88d438305e9,11,2025-01-01,Mobile Wallet,Package Delivery,3.55,True
743d0869-5eb7-4a9b-86d2-2b7a403cbd76,35,2025-01-01,PayPal,Taxi,4.21,False
3f854f65-2f7d-419c-adf0-14db3f508e63,17,2025-01-01,Debit Card,Scooter,2.87,True
e0a453b8-d62d-4714-a207-58b0ffb9a36e,27,2025-01-02,PayPal,Scooter,2.45,True
a446c69c-9937-42a5-b6af-ba6cf0d38a7d,44,2025-01-01,Cash,Package Delivery,1.43,False
99866ef4-3576-4768-8a5c-5a26bbb159e2,3,2025-01-02,PayPal,Scooter,4.5,True
1938f51c-eedc-422a-98c9-e542b7063fb0,2,2025-01-01,Credit Card,Food Delivery,4.13,False
dcd5e4e6-a5a7-479a-b6e7-3da6be3d29e6,4,2025-01-02,PayPal,Food Delivery,1.67,True
fd0700ea-a361-452d-865f-f7015799a896,18,2025-01-01,Cash,Scooter,3.05,True
fe1a9c2c-9c0e-4212-92cf-f0516f1e2388,20,2025-01-01,Debit Card,Scooter,2.95,False
af708cbf-5bab-46c7-9ebb-579657ca2340,21,2025-01-01,Mobile Wallet,Package Delivery,3.5,False
50a4a269-02ae-432b-b553-6f9712ec5c14,14,2025-01-01,PayPal,Food Delivery,4.78,True
e7db794f-3cbe-4638-823b-c715d789bdb1,8,2025-01-01,Cash,Food Delivery,3.32,True
b1259b02-678b-4cb9-972e-571ba1e14ef2,2,2025-01-01,Cash,Taxi,3.16,True
487e5c20-bf01-4df6-8c1c-15416788cb7c,26,2025-01-02,Debit Card,Package Delivery,1.2,False
9a982d9f-a5fd-4a01-a838-f4b5435f3031,19,2025-01-02,Credit Card,Taxi,1.25,False
05deb0d8-e571-4398-baa3-1c4da3261585,42,2025-01-01,PayPal,Food Delivery,1.75,False
25aa44f7-e8f3-454d-ad4d-a6526b7ddde8,28,2025-01-01,Cash,Package Delivery,1.13,False
4d5037ac-deff-47aa-adf6-89a0bf6b72a0,29,2025-01-02,Debit Card,Scooter,3.97,False
44e9be2e-7bf4-449d-b168-04c0de39a60a,5,2025-01-02,Mobile Wallet,Package Delivery,3.89,False
f1386bb9-c9d5-436b-92ef-175383ea9928,43,2025-01-01,Cash,Scooter,1.54,True
579afb3f-44ac-40fb-9874-8a28a9ec1a9e,28,2025-01-01,Debit Card,Scooter,4.34,False
44560df3-1f68-4de1-9349-2df066a64594,41,2025-01-02,Credit Card,Package Delivery,1.62,False
9dab94d1-55f0-4e49-97a0-09d5da22e641,48,2025-01-01,Credit Card,Scooter,2.2,True
47914e5d-0ae7-4877-82d7-eaf6d1e55a46,26,2025-01-02,Cash,Taxi,2.0,True
bb90fdc5-bd69-4bae-baa4-be1458e8ed1e,5,2025-01-01,Cash,Food Delivery,2.49,False
56f1fb25-97bb-42d9-b378-22fa9f2c4402,15,2025-01-02,PayPal,Scooter,2.02,False
d83e6aac-e2f5-47a9-bef3-902fc9c84f42,46,2025-01-02,Debit Card,Taxi,2.96,False
c7afec30-779e-4598-a83c-8a30de8867f2,9,2025-01-01,Cash,Scooter,2.63,False
0e14ea9c-7fd9-42b3-b179-b3bc71669dd5,32,2025-01-01,PayPal,Food Delivery,4.95,True
bd4be140-09a0-4967-8fa1-af090f7cce6d,26,2025-01-02,PayPal,Taxi,1.22,True
6c490d8a-b862-4bbd-a95b-2eb5ce916422,37,2025-01-01,Cash,Food Delivery,1.57,True
ade78934-4242-45fc-9964-6fe3b1bafb5f,15,2025-01-01,Credit Card,Food Delivery,1.21,False
1863ffa9-de1b-4159-9351-85cbf7325a0a,41,2025-01-01,Debit Card,Taxi,3.5,True
f5a29fe2-0657-45e4-b906-47fb3ef40935,4,2025-01-02,Debit Card,Taxi,1.22,False
59a50095-06fd-471a-88f6-ce175fd2226c,36,2025-01-01,Credit Card,Taxi,4.35,True
a9425888-3b13-4555-b252-1ff9b3d0ca09,20,2025-01-02,Cash,Package Delivery,3.05,False
6c15d149-f1c7-4351-a16c-3733d4073c3e,27,2025-01-01,Debit Card,Taxi,3.11,False
e8f5e85b-d50a-4cf8-b2ba-f20c8cda65b1,21,2025-01-01,Cash,Taxi,3.25,True
aa372328-45a0-45b9-9611-5ed778108660,22,2025-01-02,Cash,Taxi,1.68,True
78448db7-e458-4f4c-b379-662e31f4232c,7,2025-01-01,PayPal,Taxi,1.79,False
c6b82a6b-48a3-4d5c-8aa2-5cd78652be60,47,2025-01-02,Credit Card,Scooter,2.28,True
87939f82-dda8-441f-884a-5555b66eff91,31,2025-01-01,Cash,Package Delivery,3.37,False
ac5e7f34-f9ca-49d8-8bc3-a8b480a15db7,17,2025-01-02,Mobile Wallet,Food Delivery,1.84,False
9a666038-c612-48b7-b182-0e343a3c8937,7,2025-01-02,Credit Card,Taxi,1.47,True
1f38b6a8-bf7f-405c-8179-f90f724c17df,19,2025-01-01,Debit Card,Scooter,4.88,True
39a5797a-e664-479b-b9d9-9bde1ac06bb3,28,2025-01-02,PayPal,Scooter,1.09,False
b1126caa-1b5b-44a4-95df-8927242e137b,10,2025-01-01,Debit Card,Scooter,4.21,False
7153fb79-0f9e-4de9-829b-9729bf3e28c6,27,2025-01-01,Debit Card,Food Delivery,4.15,False
510d8dd1-c8ee-41ed-b1e7-ab34dbbd3b57,13,2025-01-01,Credit Card,Taxi,2.19,False
51a8645f-88b7-49f1-8a2e-a62f518f65eb,2,2025-01-01,Debit Card,Package Delivery,1.54,False
b4dee8c2-4967-4012-a8b5-04cafe35d423,22,2025-01-01,Cash,Package Delivery,1.58,False
62554dbd-3713-42c4-a1bd-5bc7d3f1a8c3,20,2025-01-02,Debit Card,Scooter,3.79,True
5addebc6-e0d4-45b9-854b-ab7a174789b6,43,2025-01-01,PayPal,Food Delivery,3.57,True
be50b316-eb2e-4e56-9a43-03654390e7d3,5,2025-01-02,PayPal,Food Delivery,4.13,True
bcc18d92-66ff-41aa-9d90-630579d61661,6,2025-01-02,Mobile Wallet,Food Delivery,4.75,False
c65cff17-77b7-4114-a096-4791be123a40,35,2025-01-02,PayPal,Package Delivery,3.77,False
fad7ef93-1ec4-443e-aef0-07ddede4c1cc,1,2025-01-01,Debit Card,Scooter,1.62,True
ff98dafc-2e71-4de8-be1b-7c6658a31aee,35,2025-01-02,PayPal,Taxi,1.97,True
c9f1898b-c77a-40dd-b670-6c61c253a73f,3,2025-01-02,Credit Card,Package Delivery,4.37,True
17844e8a-376d-48f1-870f-e921f7eafaa1,36,2025-01-01,PayPal,Scooter,1.84,False
e159a107-8b11-4b2a-9069-5d74e73dd1b2,7,2025-01-02,Cash,Scooter,1.29,False
cb869a60-3694-422c-8018-fb8744adb9fb,29,2025-01-01,Credit Card,Taxi,3.81,False
aae6af4b-2b7e-4dfe-b432-1403939ed896,15,2025-01-01,Mobile Wallet,Taxi,2.61,True
fc6c4047-c60e-49b1-a515-01cdfac1cccf,11,2025-01-01,Cash,Taxi,4.68,True
c153e4d6-2d12-45e9-a7f8-f4b54e631924,18,2025-01-01,Debit Card,Food Delivery,3.6,True
a7597989-c37f-4db9-bc08-d1faf1c03009,44,2025-01-02,Debit Card,Taxi,1.36,False
2579d717-290f-4e9b-bdbb-d5d71ef9932d,4,2025-01-01,Debit Card,Scooter,4.79,True
53eb7ca2-c3c9-498c-be13-bff3fa0f72ff,24,2025-01-02,Cash,Taxi,2.03,True
0b12eb75-9f33-4aa1-93ce-5d4440561e20,11,2025-01-02,Cash,Scooter,2.35,False
d34b9f89-a6e0-4295-950b-bcd3a099f104,6,2025-01-02,Cash,Package Delivery,2.61,False
0647f936-b35b-4f0b-9897-2897e5dc9fec,18,2025-01-01,Credit Card,Food Delivery,1.2,True
2d1df053-33e6-45c8-a352-712fc885a430,15,2025-01-01,Credit Card,Package Delivery,2.99,False
b81b65a5-f1dd-4572-beb9-28cc90ccac04,3,2025-01-02,Debit Card,Package Delivery,1.49,True
a7a3df01-10fc-4082-b6ff-05c25df9ae94,17,2025-01-01,PayPal,Scooter,2.6,False
4aa81075-288f-450b-be59-b10b293381e6,33,2025-01-01,Debit Card,Package Delivery,2.4,False
c670693e-6d05-4843-b3a8-06009ad1ab68,34,2025-01-02,Mobile Wallet,Scooter,4.09,False
51af9816-e256-466e-838a-af8198da2e70,30,2025-01-02,Credit Card,Taxi,4.21,False
f0b3fba6-0f37-4ec9-8769-fc4db6d53053,19,2025-01-02,Cash,Taxi,1.61,False
a5089a74-43a1-4972-b033-73d225a53736,9,2025-01-01,Credit Card,Scooter,2.47,False
686ed32a-e2a0-4732-9809-50084abd4dfa,40,2025-01-02,Cash,Taxi,2.49,True
d76cc1b2-e49e-4909-a871-83e09f2f45c4,44,2025-01-02,Mobile Wallet,Food Delivery,1.61,True
c4c3e79e-87ea-4dba-88d5-ec05d2cecd43,31,2025-01-01,Mobile Wallet,Package Delivery,4.19,True
077fb886-b177-4bde-a5b2-9f7375559cc3,27,2025-01-02,Credit Card,Food Delivery,3.83,False
c305fba3-3890-4b95-ad3f-febc81649d14,47,2025-01-02,Cash,Package Delivery,1.76,False
1febf5f2-3dea-4915-802e-162119a2afc8,25,2025-01-01,Mobile Wallet,Taxi,2.47,True
d7852a9b-0f1c-4fc4-8037-7d0790476457,7,2025-01-01,Debit Card,Food Delivery,1.42,True
e9a54fc9-4a4d-409a-b459-4a8623c8d790,48,2025-01-02,Debit Card,Taxi,3.51,True
a716124a-b332-4acd-b2f2-a1cfffa7bc92,7,2025-01-02,Cash,Package Delivery,1.49,False
dfcc9a3a-9dd7-4e99-a1e4-f848133b90fd,20,2025-01-02,Credit Card,Scooter,4.94,True
06dcb2f0-eade-43c0-87b7-7ff30c6caefc,44,2025-01-01,Mobile Wallet,Scooter,4.12,True
dce33484-cb9d-48f5-9d88-e5385b07cd69,49,2025-01-01,Credit Card,Food Delivery,2.56,True
812292f6-3a21-4ebe-966e-6edff66be838,43,2025-01-01,Debit Card,Taxi,3.31,True
141792f2-76b8-464c-8980-48051f7e8161,36,2025-01-02,Mobile Wallet,Taxi,4.65,False
16121488-02bb-4ee7-a87f-d8449d256dd2,19,2025-01-01,Credit Card,Food Delivery,3.22,True
1cb82105-c286-4bfb-8c54-c200667121c5,2,2025-01-01,PayPal,Scooter,1.7,True
c5f48dc4-f5b0-4a8c-adac-5ecf519f8e56,34,2025-01-01,Cash,Package Delivery,2.51,False
31d0b632-c166-4dcb-9fc0-d6339e9c1936,17,2025-01-02,Cash,Food Delivery,4.37,False
17aaef52-d234-420f-8a9d-86f5a2cbe917,24,2025-01-01,PayPal,Package Delivery,3.58,False
8feb76cb-455e-4eba-aaa1-d7d29b6bbec4,9,2025-01-02,Debit Card,Scooter,3.6,False
89dcc474-dc7b-4ec2-ba6d-a9d647caa82a,1,2025-01-01,Mobile Wallet,Taxi,4.47,False
dfdb2a33-e55c-4db3-ad99-f15af1cf8952,42,2025-01-02,Cash,Scooter,4.58,True
61c8704a-785d-40e2-ad48-47c23520f9cf,28,2025-01-02,PayPal,Food Delivery,4.68,True
fa91b878-8f74-492a-b96a-63bd8a47217a,15,2025-01-01,PayPal,Taxi,1.38,True
e1916a29-466c-4524-9bde-729b166e833b,21,2025-01-01,Debit Card,Food Delivery,3.18,False
6e223bac-9b33-41c9-87c7-1f8dbd6a01a8,15,2025-01-02,Debit Card,Food Delivery,3.96,True
647f9f81-67d7-4ee5-9d9d-e54bb37881f2,23,2025-01-01,Credit Card,Scooter,4.03,False
52e0772d-3064-4338-b8cf-3a7eb5a27c39,2,2025-01-02,Cash,Food Delivery,3.43,False
82806ea0-5233-4edf-a268-0f2cffbf5fea,46,2025-01-02,Credit Card,Scooter,1.67,True
e9ffe16a-311c-4837-9482-30e9bf6041ca,36,2025-01-02,PayPal,Taxi,4.19,False
00348be8-cc4f-443c-882f-7593f1fd19bc,9,2025-01-02,Mobile Wallet,Scooter,3.88,True
70b20a4a-ba2a-472c-b2d8-3c56bc217ef2,2,2025-01-02,Mobile Wallet,Taxi,1.34,False
3da227d1-baa6-4b9d-904a-b223eee39aaa,2,2025-01-01,Debit Card,Scooter,2.86,True
df08b781-5284-4ddc-b744-db4df0a7b4ca,18,2025-01-01,Mobile Wallet,Package Delivery,1.7,False
76943599-7504-4450-91dc-2f210118c964,17,2025-01-01,Mobile Wallet,Package Delivery,2.35,False
638359f9-b633-4042-9d7e-9af289d22886,41,2025-01-01,Mobile Wallet,Food Delivery,1.07,False
14c26788-d586-4706-a498-46c27e4d8740,8,2025-01-01,PayPal,Scooter,2.6,True
d13310a7-f193-45b3-879a-10a1e661abed,34,2025-01-01,Mobile Wallet,Scooter,3.2,False
b405729f-7c12-493e-99f3-a1815bcd0515,34,2025-01-02,Mobile Wallet,Taxi,3.48,True
6eb32d12-735c-4ef5-ab25-773947718c65,5,2025-01-01,Mobile Wallet,Food Delivery,3.65,False
a1c66bba-0174-4af5-ad10-c02d1718cba8,44,2025-01-01,Credit Card,Scooter,4.35,True
28345338-652d-42d4-a52c-10f6f97fc3e1,29,2025-01-01,PayPal,Food Delivery,1.86,False
e9d284ce-1452-4f42-a7ae-c1f6430b4c0a,28,2025-01-02,Debit Card,Package Delivery,1.48,True
973633a2-e42e-4e9d-a6de-56248b75576b,16,2025-01-01,Credit Card,Scooter,4.41,False
ec80a514-250f-4371-88be-1edd288dbb92,14,2025-01-02,Cash,Scooter,1.63,False
71f6e691-d87c-414d-8039-4d9b783ab41b,2,2025-01-01,PayPal,Food Delivery,4.9,False
e13deeff-9a22-4d29-98d7-5fde6f598ec4,40,2025-01-01,PayPal,Scooter,4.37,True
a8c9acce-7689-415b-b163-5538fb3af0cd,4,2025-01-02,Cash,Food Delivery,3.0,False
c57268b9-d0b4-4e14-81ba-22b940b372b7,41,2025-01-01,Cash,Scooter,4.93,False
d02c9273-a3c5-41b1-9b5a-3578bfbbbdf3,31,2025-01-01,Cash,Taxi,1.39,False
8f48b054-0ab2-495e-95ec-ae30be012a59,26,2025-01-02,Debit Card,Food Delivery,2.21,True
f581ffca-77c0-440e-bd25-e5c355b613e3,27,2025-01-01,Mobile Wallet,Scooter,3.55,False
efc95c44-7b39-459c-80cd-993fcfe5625e,34,2025-01-02,PayPal,Package Delivery,2.4,True
c0ea5b22-38b8-46c9-aa57-a70b79e27d94,31,2025-01-01,Mobile Wallet,Scooter,4.71,True
e4e6b687-9836-4a9d-b028-16b837d90d25,48,2025-01-01,Mobile Wallet,Package Delivery,1.26,False
abfb46a9-850f-4e1f-9a43-c50d6e365297,11,2025-01-01,Cash,Package Delivery,3.2,False
2c79b4e1-c469-4aab-9d60-babb7f9f7918,8,2025-01-02,Debit Card,Taxi,3.36,True
009f0b08-9f2f-44a3-bb60-bc4de1ca9ad0,12,2025-01-02,Credit Card,Food Delivery,3.61,True
1793ea03-c4aa-49b7-88ec-c96edc84e50c,35,2025-01-02,Debit Card,Scooter,2.02,False
2eac6b4f-09e2-4f71-a961-13d118b7fa21,45,2025-01-01,Mobile Wallet,Taxi,2.46,True
1fe32caf-5bb0-4408-8432-42c3387da7e5,34,2025-01-01,Debit Card,Scooter,4.37,True
130ea463-dc6f-42e5-9611-704a29fac4c5,13,2025-01-01,Cash,Package Delivery,1.78,False
cae2d217-b6c2-4c2f-9814-dcd3280bf646,27,2025-01-02,Credit Card,Food Delivery,4.31,False
f7bdff8f-6a1b-40de-98e4-03ec6e67f1f7,8,2025-01-01,Cash,Scooter,3.25,True
05543131-940c-4252-b8c4-e843213a6b3d,47,2025-01-02,Credit Card,Scooter,4.05,True
8bd93ba2-d4ce-4dba-9e0b-4f34e080bf0a,21,2025-01-01,Mobile Wallet,Package Delivery,3.85,False
d57464c4-616c-49f7-ad61-e3f91369a060,41,2025-01-01,Credit Card,Scooter,1.83,True
5143e5bc-95ce-4391-954c-11f3061b4ac7,11,2025-01-02,Credit Card,Scooter,3.28,True
06643acc-7e98-45df-bd93-f41e32a79a82,22,2025-01-01,Credit Card,Package Delivery,4.47,False
52894dc8-edbd-451a-97f5-b23f4b19dd8f,21,2025-01-01,Debit Card,Taxi,2.73,True
ba89aced-141a-4d67-b0c8-e7672251c4a1,28,2025-01-02,Debit Card,Package Delivery,4.87,True
cdc798d9-dc2d-49fe-a9d0-28cfa1b753cf,3,2025-01-01,Mobile Wallet,Taxi,2.81,True
9f718bd5-1c93-4b8a-8030-bd10e0ca4c42,7,2025-01-01,Credit Card,Food Delivery,1.57,True
3ecaf548-f6cf-487f-b705-454543f9e437,14,2025-01-02,PayPal,Taxi,2.56,False
473a1f8e-a6d8-4776-9ba7-4b1d6e395be2,15,2025-01-01,Mobile Wallet,Taxi,4.81,True
e7ad9e78-b304-44b8-aad7-d694ca31e187,9,2025-01-02,Credit Card,Food Delivery,2.28,True
84e2b21c-ee9f-4d1d-9b2d-7a3ae6b88e17,43,2025-01-01,Credit Card,Taxi,4.47,False
34b5605e-988b-4312-b960-19d64360463b,7,2025-01-01,Debit Card,Package Delivery,4.53,True
1bee1c3c-3faf-4625-9427-39451a0abaad,12,2025-01-02,Mobile Wallet,Taxi,2.4,True
e196d0ea-8533-4db5-9736-5fb75d503ad5,19,2025-01-02,Credit Card,Food Delivery,1.33,False
f4e7419e-5129-4410-ade8-f6b03df4e0b9,27,2025-01-01,Credit Card,Package Delivery,3.9,True
57eadb39-1172-4252-bad7-f719a0ce7447,18,2025-01-01,Mobile Wallet,Food Delivery,2.25,True
1ae9c5ab-50c2-493d-8d7a-35d5d308424f,13,2025-01-02,PayPal,Food Delivery,4.13,True
41df16d7-8dd6-4d8b-9775-5c3dbc3378ef,43,2025-01-02,Mobile Wallet,Scooter,2.77,True
09eb4f98-eb16-4b0c-96eb-d921022df20d,1,2025-01-01,Mobile Wallet,Scooter,2.94,True
58794fd5-7aca-4cae-8b3f-fb1db8cfeb74,38,2025-01-01,PayPal,Food Delivery,4.11,True
aff82baa-cc37-4369-bdd7-ff1a4a439345,21,2025-01-02,Mobile Wallet,Food Delivery,2.53,True
1e93a6b7-af46-4b14-8837-31ab38e11d48,34,2025-01-02,Credit Card,Food Delivery,2.77,False
277b3b09-ea7c-45ac-82aa-0047f011b3e9,13,2025-01-01,Mobile Wallet,Scooter,2.5,False
3ab91fcb-7dd7-49e0-8818-ac1684e65729,45,2025-01-01,PayPal,Scooter,2.47,False
a1464880-c267-4f4c-8d69-16bc5e03d3bf,41,2025-01-01,Cash,Taxi,3.1,True
455d814a-99c6-4791-b330-0cab1d0182c2,23,2025-01-02,Mobile Wallet,Taxi,4.24,False
e89e2caf-f132-490b-af3f-572a9c8e3abc,1,2025-01-01,Debit Card,Food Delivery,2.45,False
510a740a-5c3f-4370-beee-936d18933249,23,2025-01-01,Credit Card,Package Delivery,3.1,False
ba5741f8-76af-473c-8b51-ae496973ba7c,28,2025-01-01,Credit Card,Package Delivery,3.68,False
dbcd566a-eb56-47c1-83da-9bfcbfa67d90,32,2025-01-02,Debit Card,Scooter,2.08,True
7e580583-7a5a-4e13-9744-17b50ce28f3c,8,2025-01-01,Debit Card,Scooter,2.11,True
99a3d888-f00a-49ac-b491-f62d258a4418,26,2025-01-01,Mobile Wallet,Scooter,4.73,True
658a3d8e-787b-4591-9460-ca137fc2e25c,14,2025-01-01,Debit Card,Food Delivery,3.89,False
505f2e37-5acb-4d15-a93a-cd8b6869c959,24,2025-01-02,Cash,Package Delivery,3.31,True
efcabed1-2857-4aaf-8c21-4d3055c86a49,48,2025-01-01,PayPal,Taxi,3.59,False
9594eed4-bff7-4550-bd86-8a29c3e95916,29,2025-01-01,Debit Card,Food Delivery,1.12,True
e6a3de22-0090-49c4-95d3-4134848e62a4,4,2025-01-01,Debit Card,Taxi,3.47,True
4a62e0b3-3547-4839-874f-70f86260ea7a,18,2025-01-02,Cash,Taxi,3.04,False
5c99547b-da57-4f0d-82b1-25aa5d9fe691,14,2025-01-02,Credit Card,Food Delivery,3.18,False
74dc503a-3d5e-467e-bce4-cfab6ecb535d,27,2025-01-02,Credit Card,Taxi,2.44,True
c1b72abe-cf7f-462e-8946-4756f11f1490,41,2025-01-02,Mobile Wallet,Package Delivery,1.33,True
8758f5c9-3e50-435e-988d-ab0a3336c87e,47,2025-01-02,Cash,Taxi,1.77,True
2e0acd0f-b3cb-4e3e-8fef-f4fa3a664907,3,2025-01-02,PayPal,Package Delivery,4.8,False
62a05800-586e-4135-9fe1-2205fa1032c7,30,2025-01-01,PayPal,Package Delivery,2.63,False
b18c527c-9d74-48c9-b03f-92909b3ac30d,36,2025-01-02,Cash,Package Delivery,2.87,False
1c54f578-2c9e-47ae-acfe-58f499a96a4d,23,2025-01-01,PayPal,Scooter,1.21,False
304b83b2-2ef6-4a86-9dbf-fcf294f38e57,18,2025-01-02,Credit Card,Taxi,1.15,True
cfc9669a-7dd7-41e5-9c10-cb2518dcd460,46,2025-01-01,PayPal,Food Delivery,3.87,False
9730779a-430b-4e17-8954-f16043f7ddb9,47,2025-01-02,PayPal,Food Delivery,3.15,False
4cc4599c-4eb4-4491-b676-fb2850aa2e16,40,2025-01-02,Cash,Taxi,3.03,False
ea5474dc-b7df-4d40-8605-d66cd16c51e3,10,2025-01-02,Cash,Scooter,1.97,True
8caa515d-ff03-4d7c-aad9-ffa139ac575b,12,2025-01-02,PayPal,Scooter,3.98,True
babbfcac-abbb-49b4-aa11-26c976f50210,41,2025-01-02,Debit Card,Package Delivery,1.67,False
bff23f07-db0d-44bd-a3d7-f23f6e5e3d63,8,2025-01-02,Cash,Taxi,1.76,False
67172e10-97a1-49d1-b6fc-57beaca802d5,32,2025-01-01,Mobile Wallet,Taxi,2.84,True
3a3d0aad-68a9-4b7d-ab71-c28c69c181a3,17,2025-01-02,Mobile Wallet,Food Delivery,2.15,True
37676d12-94d8-4662-bd96-a86da5f7d31f,41,2025-01-02,Credit Card,Taxi,1.99,False
4583ecac-3c8b-4205-9aaa-17f6192024c1,45,2025-01-01,PayPal,Scooter,3.58,True
284f76e4-824b-4ba8-bb6d-dbf7cbc09457,14,2025-01-01,Debit Card,Taxi,3.6,False
71e9debe-5cb4-4431-bf1a-81d4b7d97c6a,37,2025-01-01,Credit Card,Food Delivery,4.3,True
72004ce2-5ccf-4e4a-9479-b385b5e434a0,9,2025-01-01,PayPal,Package Delivery,2.67,False
e4a7741d-e5ec-41c7-be61-de1c006e80b4,26,2025-01-01,Cash,Food Delivery,1.29,False
0f055d0b-6262-44ed-9891-8a18a9b10c4a,48,2025-01-01,Mobile Wallet,Food Delivery,2.09,False
62cb2f69-2cae-4093-ab45-74f0fc3f5707,24,2025-01-02,Debit Card,Package Delivery,4.92,False
00554173-d82f-4779-81ed-7ab9a4166b72,23,2025-01-01,Mobile Wallet,Food Delivery,3.39,True
511e69e7-5702-4251-a1bf-6aac5ff09d31,31,2025-01-02,Cash,Food Delivery,3.84,True
4e55d436-6c1e-4e9d-bdf6-5071523bb275,39,2025-01-02,PayPal,Taxi,1.03,False
b2cacdb2-a2ef-4fc5-a513-e2b0add0acbc,44,2025-01-01,Cash,Taxi,3.07,True
2074e26e-760d-46fd-bf31-698ffe523ca3,2,2025-01-01,Cash,Package Delivery,1.15,False
8b49183e-9859-4cea-bcf2-5eb362bdb414,18,2025-01-02,Mobile Wallet,Taxi,3.28,True
594530eb-5516-40bf-8a42-f93514738397,16,2025-01-01,Debit Card,Taxi,4.68,False
928698bd-45e2-407e-b0ea-39178b8f3a1e,29,2025-01-02,Cash,Food Delivery,4.87,True
0e69376f-d434-4a87-8da5-47aa6d563a30,11,2025-01-02,Mobile Wallet,Scooter,3.16,True
c63ea293-e646-44f9-bccd-09eef1b847a2,2,2025-01-01,Debit Card,Taxi,2.83,True
5b34995c-58fe-4a31-84b0-4a02d4cde897,14,2025-01-01,PayPal,Scooter,4.78,True
e2ae12d9-7b82-49c3-81b3-aafa3de230cf,4,2025-01-01,PayPal,Taxi,3.69,False
fde4a56c-4498-4502-bd8e-1a4c3f358d63,39,2025-01-02,Credit Card,Taxi,1.26,False
e0ee453c-cbf1-4885-b4bb-c66f5103c07a,34,2025-01-02,Mobile Wallet,Package Delivery,2.86,True
fa3a4e70-73f0-4dc3-a8fd-13c5055c1a43,46,2025-01-02,Debit Card,Package Delivery,1.96,True
1d4f001b-b5f3-427a-934e-d4161dba5e98,39,2025-01-02,Cash,Package Delivery,2.88,True
5a365076-dd75-421c-be3b-e084838ce332,9,2025-01-02,PayPal,Scooter,2.82,True
46e0ae3b-7ab6-4bef-98e0-580a1ddca948,40,2025-01-02,Debit Card,Food Delivery,3.33,False
fc089e0f-577b-4800-8c1c-b7763e6f67c1,41,2025-01-02,Mobile Wallet,Taxi,2.43,True
aea26ef9-eff6-452d-8578-c492f62b825e,7,2025-01-02,Credit Card,Taxi,1.66,True
cf303eb9-c743-42ac-a8fb-24160c99e3c7,17,2025-01-01,PayPal,Taxi,3.01,True
a2461c4f-c26e-4b59-a9ed-1a31b87a408d,23,2025-01-01,Debit Card,Scooter,4.32,True
5b4c8f74-d300-45c1-be94-3bb04e748562,45,2025-01-01,Debit Card,Package Delivery,3.66,True
280c6543-dd30-4627-8e9f-689ff37b01cb,11,2025-01-01,Debit Card,Food Delivery,2.35,True
2c4f5c50-3ead-4747-a9a5-bd0c407a701c,22,2025-01-02,Mobile Wallet,Scooter,4.74,True
b3382567-db63-462f-a5dd-7ab582962dc1,18,2025-01-02,Mobile Wallet,Package Delivery,4.65,True
3a093437-3851-49a5-8ff5-6317de6653d9,49,2025-01-01,Mobile Wallet,Scooter,1.84,False
2097b478-865c-46c0-9ef9-7e93c6993329,28,2025-01-02,Cash,Food Delivery,1.16,True
1d71e190-2234-41eb-aba0-0665b5d24324,16,2025-01-01,Debit Card,Package Delivery,3.97,True
ef7e3392-2835-4022-8374-7f753c60f0de,42,2025-01-02,PayPal,Scooter,4.31,True
eed4f693-6b05-4092-8713-3234380cc911,4,2025-01-02,Mobile Wallet,Food Delivery,4.87,True
d1ae186e-e443-4600-935b-9fb9a666270a,36,2025-01-01,Mobile Wallet,Taxi,4.56,False
cf892c04-8ac7-49c8-a6b2-1e4479b2c5b2,22,2025-01-02,Debit Card,Food Delivery,3.4,True
de869b26-e2d2-45fe-ac51-dfa1ef4ea91c,11,2025-01-01,Mobile Wallet,Taxi,3.12,False
49986668-d5a7-4838-95ee-9fb8689d503e,21,2025-01-02,Cash,Scooter,1.11,False
dc653469-66ee-4992-a204-1af2dc31a455,40,2025-01-02,Cash,Package Delivery,1.99,False
d33b54d9-14bf-4de4-a361-2bc4b77267e7,41,2025-01-01,Mobile Wallet,Package Delivery,2.84,False
145ccb61-fe40-4d51-8a4b-f9c6a387e3d3,16,2025-01-01,Debit Card,Scooter,3.51,True
d991f3d0-f987-4d9a-a7db-50e44952153d,42,2025-01-02,Debit Card,Package Delivery,3.23,False
abaf8c78-818d-49f8-bee0-5bf2ac74d4f2,9,2025-01-02,Debit Card,Package Delivery,3.97,False
5a4ea6f2-2349-443c-a220-617c68c333fc,35,2025-01-01,Credit Card,Taxi,2.12,True
f8dbe552-aaa3-4662-a529-fbfb8e5bcd69,34,2025-01-01,Mobile Wallet,Scooter,3.26,False
3a9ba55f-a538-41ff-a4db-60b3f5164d6b,9,2025-01-02,Debit Card,Food Delivery,1.35,False
66c73c5a-21d7-4a9f-8d05-ecf6052a3bcf,13,2025-01-01,Cash,Taxi,2.65,False
e9a7ec4b-8df9-4855-afc6-27c562fb3b00,6,2025-01-02,PayPal,Scooter,4.0,False
91b2ff3d-59ca-42a8-aa97-af497fa074d1,4,2025-01-01,PayPal,Taxi,3.77,True
afffb0d0-347c-4e25-af10-dd1d08d06a18,46,2025-01-01,Debit Card,Food Delivery,4.96,False
3d00ef10-6159-4021-b62e-12c042987ff0,28,2025-01-01,PayPal,Food Delivery,2.11,True
74abeb34-44c7-4d0f-8690-dac95a6c19ca,11,2025-01-01,PayPal,Scooter,2.99,True
97876c38-2fad-4807-893d-51a072d0ec8f,34,2025-01-01,Credit Card,Food Delivery,2.32,True
68144212-10dd-44d4-af47-5c204943dd73,35,2025-01-01,Cash,Taxi,2.76,False
16464b9b-91d7-4190-87cc-654241015f52,5,2025-01-02,Cash,Food Delivery,4.43,False
ed2eab33-8303-44cb-a844-83cca9e55c7d,39,2025-01-01,Credit Card,Taxi,3.74,True
1ea7c30d-dbd2-4755-8c78-30fe3a873b5c,11,2025-01-02,Credit Card,Taxi,4.53,True
b9573bfa-4e6a-4ce7-9933-c7194d288c95,12,2025-01-02,PayPal,Food Delivery,1.81,True
dd36482d-e3c2-4bb9-bfc0-f5bd8378de46,43,2025-01-02,Mobile Wallet,Scooter,4.49,True
2bf549be-664d-47b3-bc78-76f119694afe,19,2025-01-01,PayPal,Package Delivery,1.24,True
acfae0b3-f4cd-4ee6-a6d1-1d957cb97d9c,13,2025-01-02,Credit Card,Food Delivery,4.55,True
4e35bc8e-69fe-4a8a-bbec-c6f0932e0950,4,2025-01-02,Cash,Taxi,2.32,False
62b1663c-513e-4644-ba7b-2afa76512cd6,14,2025-01-01,PayPal,Taxi,2.26,False
cdd2dcf3-3a18-43d1-b073-a3aaffb29c33,44,2025-01-02,Mobile Wallet,Food Delivery,3.05,False
d7dd41e5-98ae-4ddd-99e7-aa60700545d4,2,2025-01-02,PayPal,Scooter,4.76,True
79766cac-588c-4193-87f4-26bb07951e98,8,2025-01-02,Debit Card,Scooter,1.19,False
c918dac8-623c-4480-beb7-a63517c1527f,22,2025-01-02,PayPal,Taxi,2.41,True
28e8a9c3-e9e3-4c2b-a817-7c9e2301661a,13,2025-01-02,Credit Card,Taxi,4.43,True
9cd8f704-985a-4175-945d-9e45fe1999bd,21,2025-01-02,Cash,Scooter,2.58,False
ef22a07a-90ba-435e-8b41-37a59c6f1c32,21,2025-01-01,Cash,Package Delivery,1.8,True
94c584e2-fd21-4103-b180-5528559eca9e,28,2025-01-01,Credit Card,Food Delivery,2.7,False
c5e2648d-6206-4467-bc74-a0952dc3c8a8,33,2025-01-01,Debit Card,Taxi,2.54,False
78495eb0-0031-4da7-b5ed-7a5dd0174a23,29,2025-01-01,Credit Card,Taxi,4.66,False
70fe7761-2b16-4091-ab2f-74624212f13c,37,2025-01-01,PayPal,Scooter,4.05,True
a6e52b0f-29dd-4bb6-981d-85581149136b,22,2025-01-01,Credit Card,Food Delivery,3.02,True
2df38f6c-524a-41cb-b1f7-0ba22ed70f45,26,2025-01-02,Credit Card,Scooter,4.95,True
f271272e-454f-49d6-9c98-15122d1028fe,11,2025-01-02,Debit Card,Food Delivery,2.86,False
1c905679-59ea-4c4b-9dd2-f36accd849af,11,2025-01-02,PayPal,Food Delivery,1.23,True
920f4dfb-163a-4bbf-b09b-1d58ae48efb4,45,2025-01-01,Mobile Wallet,Food Delivery,2.05,False
48240566-8957-4f47-8341-57790e631678,34,2025-01-01,Mobile Wallet,Taxi,2.74,True
146e5fd2-4c27-42e0-b65b-12dcd52bf6a7,19,2025-01-01,Cash,Package Delivery,1.63,False
0124de40-2bcf-4076-b813-31a676a8b866,48,2025-01-02,Credit Card,Scooter,4.79,False
9a6c5a6e-93a7-4cc2-b4b0-74d758ff7c2c,37,2025-01-01,Cash,Package Delivery,4.07,True
be28facc-413f-4019-8995-e9468bf5581c,14,2025-01-01,Debit Card,Scooter,2.07,True
bba48d32-82e2-4159-b102-db4b2d8eddc1,29,2025-01-02,Mobile Wallet,Food Delivery,3.36,False
26531405-814b-4bc4-9a79-dff10227557a,19,2025-01-01,Credit Card,Taxi,3.89,False
8665b609-1b9d-4005-9d6e-615eced7c21c,37,2025-01-02,Debit Card,Package Delivery,4.77,True
dca57336-f212-4ba3-8011-4b146637ad03,21,2025-01-02,Debit Card,Taxi,4.53,False
f997bc97-f591-4793-a6c0-8b5b373ad5c7,24,2025-01-02,Credit Card,Scooter,3.06,True
7a27b206-adc7-461e-af63-04cce89c15a8,26,2025-01-02,Debit Card,Taxi,4.1,True
994712a9-045c-4128-b5f7-2051d9ed2ba5,41,2025-01-01,Credit Card,Taxi,3.25,False
cd720435-d591-45bf-a878-9d48bd1ee4c3,12,2025-01-01,Credit Card,Package Delivery,3.21,True
b380261f-6d6f-4d8d-9fc3-20ecd57ab855,48,2025-01-02,PayPal,Food Delivery,1.46,False
ffbd7ee3-b7b2-4510-af47-b43a65d87f33,19,2025-01-02,Cash,Taxi,1.5,True
9ad94b32-3773-4078-a85a-3343fb0425d9,47,2025-01-02,Debit Card,Food Delivery,3.12,False
cbf5ad26-387c-44aa-b069-9de549aef408,49,2025-01-01,Debit Card,Scooter,2.08,True
84bbdc80-8e13-4265-8bb0-61d6e2f729f1,30,2025-01-01,PayPal,Taxi,1.08,True
12f49430-9dee-44ae-932a-cf7798e39918,15,2025-01-01,PayPal,Package Delivery,3.89,False
c2e4d145-b010-48cc-8946-cbd04f79f1ad,3,2025-01-02,PayPal,Scooter,1.13,True
90fad8a3-4705-42fc-9e0a-0269f53c8ca6,49,2025-01-01,Mobile Wallet,Scooter,3.38,False
003d1d81-69a8-4296-b5d7-0ee8013b816e,13,2025-01-01,Mobile Wallet,Package Delivery,3.16,False
3f6d4098-11ce-4c1a-a229-7b9737810196,9,2025-01-02,Mobile Wallet,Taxi,4.88,False
6f27987a-cfa7-4ca4-a8fe-f1681972f29b,13,2025-01-02,Credit Card,Taxi,2.94,False
0a147d37-3447-4a93-851e-d9840e712fd1,16,2025-01-02,Debit Card,Scooter,1.25,False
71f060d9-a33d-49e4-9f65-0c8e08903d09,14,2025-01-02,Cash,Taxi,3.21,True
cb87bc35-59f5-48f7-96f6-5bf3ffa8f577,8,2025-01-01,Credit Card,Food Delivery,4.36,True
056e19da-01eb-412c-94b5-908f14d9b9a8,19,2025-01-01,Debit Card,Package Delivery,4.99,True
d9e66fa8-b814-42f6-956d-184b8929576e,32,2025-01-02,Debit Card,Food Delivery,2.72,True
a6be0a3f-b32c-4a1b-b057-3f5e8e4a140b,35,2025-01-01,PayPal,Taxi,2.28,True
d1bbc877-710f-4209-805d-8f56f3148c06,23,2025-01-01,PayPal,Scooter,4.63,True
a5b45c79-dc3b-48b8-bf1a-28eb5f3018a2,21,2025-01-01,Credit Card,Package Delivery,1.76,True
db0cb3f6-fb16-4507-b7b2-ea86be0685fc,18,2025-01-01,PayPal,Taxi,3.46,False
88471a66-cc79-4836-aeb0-90116d4b9336,48,2025-01-02,Debit Card,Taxi,2.62,False
fea63315-d927-49d5-8ee1-b2bdffd3ee99,14,2025-01-02,PayPal,Scooter,1.16,False
f24b82e9-ad19-42cc-903d-3a35f66a44a6,16,2025-01-02,Mobile Wallet,Scooter,2.39,True
c1827c35-2850-4517-9060-c663a1ca33c8,24,2025-01-01,PayPal,Food Delivery,2.06,False
c4251844-b0d7-4e76-96e8-5ff13b0d7236,49,2025-01-02,Debit Card,Package Delivery,3.74,True
2656ce4f-8735-43a2-9522-c88dd425301e,32,2025-01-01,Credit Card,Package Delivery,4.8,True
f62a165e-87e7-4a41-bc3f-d4b944595f5c,11,2025-01-01,Cash,Scooter,2.07,True
bbfdfa28-5f39-483f-88ba-8a8f12bed3b8,45,2025-01-01,PayPal,Food Delivery,4.25,False
7332db5f-7d49-4d9b-8d53-56f33b2d75c7,11,2025-01-01,Debit Card,Package Delivery,1.22,False
70d27576-09bd-4870-b259-314ab654e3f7,4,2025-01-02,Cash,Scooter,3.15,False
074f5b05-8663-434d-90e9-313ce8cba3d6,26,2025-01-02,Cash,Taxi,1.28,True
98c988dd-4927-4178-b313-f50953105652,46,2025-01-02,Mobile Wallet,Package Delivery,4.74,True
2dc3ea49-27ad-4b57-beff-6a6611106fda,5,2025-01-01,Cash,Food Delivery,4.07,True
